subcarrier,frequency_hz,channel_gain,power_uniform_w,power_water_filling_w,power_edge_weighted_w,power_sensing_optimal_w,power_min_power_isac_w,power_max_rate_isac_w,power_dinkelbach_ee_isac_w,power_dinkelbach_ee_rmin_isac_w
0,-472500.0,6.20145528016881e-14,0.015625,0.011728738309700688,0.045432692307692306,0.0625,0.0572755452744941,0.03572342000467591,0.06249999967549573,0.05727502616243473
1,-457500.0,4.2155728089039014e-14,0.015625,0.009455240235555117,0.04259386446886447,0.0625,0.03476855357650068,0.027494841660194995,0.05226070517414105,0.034766322625992566
2,-442500.0,1.4587637645513395e-12,0.015625,0.016349686622162487,0.03984661172161172,0.0625,0.03162584149423819,0.03008458650399508,0.034363538348377624,0.03162529712921025
3,-427500.0,8.771785853932248e-13,0.015625,0.01621365759189667,0.037190934065934066,0.0625,0.025499528321383226,0.026696116405091532,0.024285241809564057,0.025500190272093392
4,-412500.0,3.440386110910084e-13,0.015625,0.01568492351768703,0.034626831501831504,0.0625,0.020999601165107257,0.023628436970188668,0.01840552150249044,0.02099870654140993
5,-397500.0,2.4931033889212044e-12,0.015625,0.01643480614205268,0.032154304029304026,0.0625,0.018926125371789875,0.02234348512896395,0.01581469303845308,0.01892444598783746
6,-382500.0,8.515615659309677e-13,0.015625,0.016203393612190586,0.029773351648351647,0.0625,0.01658850505239857,0.02044735280890601,0.013304125476531817,0.016587159987297463
7,-367500.0,6.821945790901701e-13,0.015625,0.016116137530993415,0.02748397435897436,0.0625,0.014871601903968898,0.01898148213362627,0.011566864032273791,0.01487316189058126
8,-352500.0,7.515910639419077e-13,0.015625,0.0161566453498972,0.02528617216117216,0.0,0.013619729049308608,0.017852395777812426,0.0103595839014908,0.013619875821739081
9,-337500.0,9.915503076418183e-13,0.015625,0.01625301324697581,0.023179945054945056,0.0,0.012666042285055997,0.01695904915431062,0.009480734461587183,0.012666963394730151
10,-322500.0,1.85409823187438e-12,0.015625,0.016393432610454575,0.02116529304029304,0.0,0.011939951740152239,0.016245914075675858,0.008840900736951872,0.011940248744323255
11,-307500.0,8.726228915696275e-13,0.015625,0.01621187631610668,0.019242216117216118,0.0,0.011032485887901792,0.015325179009033121,0.008022114981281825,0.01103320296791529
12,-292500.0,2.921693713332207e-12,0.015625,0.016452416113279963,0.017410714285714286,0.0,0.010658806739673706,0.014921014459168618,0.007734930848689213,0.0106589706696534
13,-277500.0,4.610941362392024e-13,0.015625,0.01590576791793386,0.015670787545787546,0.0,0.009588051585944703,0.013810792975946647,0.006744650214821457,0.009586853313715482
14,-262500.0,7.773502218112902e-13,0.015625,0.016169840811433252,0.014022435897435898,0.0,0.009397515155291651,0.013575551102950516,0.006632922621511556,0.009398075308132825
15,-247500.0,2.2728957689009547e-12,0.015625,0.01642317549724249,0.012465659340659341,0.0,0.009259186414479054,0.01338971476895934,0.00656433232839192,0.009259526833900257
16,-232500.0,1.6587866318321277e-13,0.015625,0.014750586353566299,0.011000457875457876,0.0,0.007245482487402252,0.011327763168618096,0.004614812384831272,0.007245776305135934
17,-217500.0,2.5049027238675664e-13,0.015625,0.015360038796435957,0.009626831501831502,0.0,0.007556649146666086,0.011592688695883296,0.004984687579378214,0.007556498205846026
18,-202500.0,1.5599694947967053e-13,0.015625,0.014636294074290818,0.00834478021978022,0.0,0.006571234470161757,0.010563270025739918,0.00405286495727397,0.006572454220940207
19,-187500.0,1.1387169877310838e-12,0.015625,0.016292022730338956,0.007154304029304029,0.0,0.007998850867463178,0.011947376201436807,0.005527613774212263,0.00799836650832219
20,-172500.0,8.244938835779233e-13,0.015625,0.01619185539153274,0.006055402930402931,0.0,0.007697149319901634,0.011607228739259293,0.005270021651216911,0.0076978227110777436
21,-157500.0,1.1323205320196583e-12,0.015625,0.01629053800720894,0.005048076923076923,0.0,0.007619841645052736,0.011493444015976637,0.005231521660636105,0.007620931012862614
22,-142500.0,3.9011882757619943e-13,0.015625,0.015787678212501235,0.004132326007326007,0.0,0.0069649755088131765,0.010804185959323039,0.004609454177310147,0.0069650047786689
23,-127500.0,8.99720933184789e-13,0.015625,0.016222206183293685,0.003308150183150183,0.0,0.007267086790772844,0.011075908206548525,0.004941300894138469,0.0072665906805672136
24,-112500.0,6.928441346684891e-13,0.015625,0.016122880931195894,0.0025755494505494505,0.0,0.007053270511346761,0.01083586091790512,0.0047538087694012415,0.007052673989745854
25,-97500.0,1.4309611490155172e-12,0.015625,0.016345700376097453,0.0019345238095238096,0.0,0.007178709072828823,0.010938652938282237,0.004901862163672141,0.0071792357911345675
26,-82500.0,3.176914141945978e-13,0.015625,0.015612777392269081,0.0013850732600732601,0.0,0.006364478757334968,0.01010435186940344,0.004106635408504582,0.00636444130344744
27,-67500.0,1.664169548866549e-12,0.015625,0.016375009985744628,0.0009271978021978022,0.0,0.007061324822100434,0.01078441213897453,0.0048180269128874475,0.007060094415485903
28,-52500.0,1.9840826050220263e-13,0.015625,0.015046400997911134,0.0005608974358974359,0.0,0.005680523180547114,0.009389283343477604,0.003449513445420878,0.005679210708676077
29,-37500.0,2.9471078285731135e-13,0.015625,0.015539317259189122,0.0002861721611721612,0.0,0.006133783322593742,0.009833899011863845,0.003913020255538212,0.006132993335891286
30,-22500.0,5.408608041883786e-13,0.015625,0.016001495612775394,0.00010302197802197802,0.0,0.006571224633350855,0.01026459572323564,0.004355607158980047,0.006570113101268937
31,-7500.0,5.53824943704831e-13,0.015625,0.016014448808672567,1.1446886446886447e-05,0.0,0.006570553001175001,0.010262041624997885,0.0043588557236530785,0.006570403824858476
32,7500.0,2.5638343788159987e-14,0.015625,0.004881347546767558,1.1446886446886447e-05,0.0,2.993949661457992e-10,1.3371241038237626e-09,1.3597854454505928e-11,4.647305097295888e-11
33,22500.0,3.176789751766952e-13,0.015625,0.015612740504414174,0.00010302197802197802,0.0,0.006181170740669502,0.009876156592637029,0.0039669242208609035,0.006181419976301964
34,37500.0,9.22474430151547e-13,0.015625,0.016230411158057633,0.0002861721611721612,0.0,0.006824434657697726,0.010525787943402084,0.004604005719000902,0.006824972700442925
35,52500.0,1.0452743375762825e-12,0.015625,0.01626852692592632,0.0005608974358974359,0.0,0.0069004956627225925,0.010612357512315958,0.0046717170118637024,0.006901119203735134
36,67500.0,3.4009094902611803e-13,0.015625,0.01567482566646661,0.0009271978021978022,0.0,0.006360376818414621,0.010083560534792044,0.004118081517605387,0.0063601411409411075
37,82500.0,4.98165791147416e-13,0.015625,0.0159540704316021,0.0013850732600732601,0.0,0.006704450334696803,0.01044577003618216,0.004448054524398562,0.006706176134382123
38,97500.0,3.208051254118963e-13,0.015625,0.015621921110069804,0.0019345238095238096,0.0,0.0064547504180855406,0.01021377185821704,0.0041781505341987575,0.006454979307206256
39,112500.0,1.6922982170557983e-12,0.015625,0.016377999261372463,0.0025755494505494505,0.0,0.0073080125954441185,0.011091260342563228,0.005008831273668322,0.007308181353856459
40,127500.0,1.1737243071934868e-12,0.015625,0.016299861866690756,0.003308150183150183,0.0,0.007344600879708276,0.011154037900345883,0.005018942233249633,0.007344402714531468
41,142500.0,1.9656869246909585e-12,0.015625,0.016402596173256692,0.004132326007326007,0.0,0.007580770070223627,0.011419786893019162,0.005224360185599377,0.007579618380433842
42,157500.0,1.1599233822663282e-12,0.015625,0.016296827947209776,0.005048076923076923,0.0,0.007627183849910493,0.011499973303842424,0.00523765806722703,0.007627130086577092
43,172500.0,4.980553396400075e-13,0.015625,0.015953937198725572,0.006055402930402931,0.0,0.007459594621808827,0.011369308846353034,0.005031925615771138,0.007459698507267041
44,187500.0,2.566536040714255e-12,0.015625,0.01643824087372206,0.007154304029304029,0.0,0.008144721009453246,0.012094652862634963,0.005673808589709888,0.00814458600110534
45,202500.0,1.2391449970501075e-13,0.015625,0.014139563892996745,0.00834478021978022,0.0,0.006075282350193034,0.010064851302191835,0.0035561619364523163,0.006074105394962521
46,217500.0,1.232065188100363e-12,0.015625,0.016311936236022825,0.009626831501831502,0.0,0.008508788557487084,0.012544967664345742,0.005936593274439449,0.008508986243046687
47,232500.0,1.9272773597460463e-12,0.015625,0.016399561778504507,0.011000457875457876,0.0,0.008893433651434812,0.012977665537463191,0.00626396874831219,0.008894110559272788
48,247500.0,1.6258094626948455e-12,0.015625,0.016370766686937807,0.012465659340659341,0.0,0.009207069375260125,0.013337991714416216,0.006511876931857676,0.009206895960187098
49,262500.0,8.851740703512494e-13,0.015625,0.01621673949773398,0.014022435897435898,0.0,0.00944428109893329,0.013622397760192959,0.006679665027963408,0.009445052180626854
50,277500.0,3.047977178171612e-13,0.015625,0.01557292526492241,0.015670787545787546,0.0,0.00925373822375336,0.01347741378640116,0.006412014718260444,0.009253733011472776
51,292500.0,1.0175792980989859e-12,0.015625,0.016260734105003054,0.017410714285714286,0.0,0.010466467558019327,0.014729346768406069,0.007543647503505128,0.010467292671613502
52,307500.0,1.009604873517757e-12,0.015625,0.01625841098891299,0.019242216117216118,0.0,0.011079870811266226,0.015372184011208972,0.008069146162263199,0.011079399366436971
53,322500.0,4.790857653660003e-13,0.015625,0.015930143718198272,0.02116529304029304,0.0,0.011476938730856924,0.015783653330628956,0.008377708650651242,0.011476696150351125
54,337500.0,1.1858800333561273e-12,0.015625,0.016302475624307707,0.023179945054945056,0.0,0.012714961419208602,0.017008231168093798,0.009530056960375422,0.012715922555559393
55,352500.0,7.565147684661541e-13,0.015625,0.016159237046880368,0.02528617216117216,0.0,0.013622090296725483,0.017857073383961634,0.010361600605098761,0.01362142495820976
56,367500.0,4.025390015480164e-13,0.015625,0.015811349073916053,0.02748397435897436,0.0625,0.014567692612088602,0.018673068115041373,0.01126165221082999,0.014566619140293188
57,382500.0,5.984721462944733e-13,0.015625,0.016054764030840534,0.029773351648351647,0.0625,0.016439934564887522,0.020300348171865587,0.01315615399161637,0.016439747030814526
58,397500.0,7.039248765911629e-13,0.015625,0.016129680764103795,0.032154304029304026,0.0625,0.01861992437534537,0.022038737943680973,0.015509573751201034,0.01862016002728993
59,412500.0,1.2367669578555724e-12,0.015625,0.016312859723597282,0.034626831501831504,0.0625,0.02162673541790018,0.02425510212278355,0.01903220004490143,0.021626608953029404
60,427500.0,1.0435645199648579e-13,0.015625,0.013686900549107475,0.037190934065934066,0.0625,0.02297214777990407,0.024169519818397857,0.02175834639609396,0.02297526483209285
61,442500.0,9.802946424376587e-13,0.015625,0.01624954754636405,0.03984661172161172,0.0625,0.03152483017176993,0.029985640929993087,0.0342630491502624,0.03152348653112567
62,457500.0,2.5247973759352775e-12,0.015625,0.016436313100632503,0.04259386446886447,0.0625,0.04174545713229243,0.03447571270191774,0.059241476023334495,0.041747907174935456
63,472500.0,1.5636264785736906e-13,0.015625,0.01464078116832319,0.045432692307692306,0.0625,0.0601865391339648,0.0386353710342845,0.06249999968916492,0.060186464473827014
