sensing_fraction,gamma_s,status,solver_status,solver_name,solve_time_s,meets_constraints,max_violation,rate_spectral_efficiency,rate_bps,tx_power_w,system_power_w,energy_efficiency_bit_per_j,sensing_surrogate,delay_fim_per_s2,delay_fim_known_amplitude_per_s2,delay_fim_unknown_amplitude_per_s2,delay_crb_s2,range_rmse_bound_m,psl_db,isl_db,peak_power_w,power_variance_w2,num_active_subcarriers,rate_loss_vs_wf_percent
0.0,0.0,ok,optimal,CLARABEL,0.007411519000015687,True,0.0,327.6889212896415,4915333.819344622,0.9999999992134695,3.3571428548956272,1464141.9897210298,76079222312.85081,2.0070793278315146e+18,2.0070793278315146e+18,2.006726323202978e+18,4.982364105560383e-19,0.105805547376128,-12.707963352867111,-9.298814172234813,0.016452988183861664,3.0583261458520888e-06,64,3.889897293163358e-08
0.041625,7391819531.25,ok,optimal,CLARABEL,0.005350895999981731,True,0.0,327.68892137600426,4915333.820640064,0.99999999952915,3.3571428557975715,1464141.9897135433,76079206022.34723,2.0070788980645955e+18,2.0070788980645955e+18,2.006725663843727e+18,4.982365172411952e-19,0.10580555870396413,-12.7080540306161,-9.298788158073476,0.016452419556919774,3.058581411765047e-06,64,1.2543854843727331e-08
0.08325,14783639062.5,ok,optimal,CLARABEL,0.004930065000280592,True,0.0,327.688921327643,4915333.8199146455,0.9999999995115111,3.3571428557471745,1464141.9895194408,76079298877.00111,2.0070813477039398e+18,2.0070813477039398e+18,2.0067281282674296e+18,4.9823590914438e-19,0.1058054941361929,-12.70790658435056,-9.298745975665021,0.01645242260524659,3.058582168531416e-06,64,2.7302138327911507e-08
0.12487500000000001,22175458593.750004,ok,optimal,CLARABEL,0.005337510000117618,True,0.0,327.68892139786414,4915333.820967962,0.9999999997846557,3.357142856527588,1464141.989492835,76079236975.203,2.007079714645458e+18,2.007079714645458e+18,2.0067264846780268e+18,4.9823631453354895e-19,0.10580553718045349,-12.708052458554162,-9.298781434076892,0.0164524648942126,3.058569956162352e-06,64,5.872935471273877e-09
0.1665,29567278125.0,ok,optimal,CLARABEL,0.005823696999868844,True,0.0,327.68892128283073,4915333.819242461,0.9999999992824115,3.3571428550926043,1464141.9896046915,76079093544.95804,2.0070759307492646e+18,2.0070759307492646e+18,2.0067225035462577e+18,4.982372538475355e-19,0.1058056369168348,-12.70783731597694,-9.298751912187287,0.016454078460431006,3.058875179221196e-06,64,4.0977388149343597e-08
0.208125,36959097656.25,ok,optimal,CLARABEL,0.00522131800016723,True,0.0,327.688921282295,4915333.819234425,0.9999999992273533,3.357142854935295,1464141.989670905,76079416543.50221,2.0070844519155072e+18,2.0070844519155072e+18,2.0067311336829422e+18,4.982351385591309e-19,0.10580541231532944,-12.708016783612656,-9.298773020035696,0.01645212465628519,3.0583018912141005e-06,64,4.11408795919499e-08
0.24975000000000003,44350917187.50001,ok,optimal,CLARABEL,0.005276612999750796,True,0.0,327.6889213265255,4915333.819897882,0.9999999992609452,3.357142855031272,1464141.989826672,76079029014.80579,2.0070742283510193e+18,2.0070742283510193e+18,2.0067210161632694e+18,4.982376764518492e-19,0.10580568178894015,-12.708099585949967,-9.298783624732678,0.016452192622663578,3.0589222651530735e-06,64,2.7643176636615863e-08
0.291375,51742736718.75,ok,optimal,CLARABEL,0.005200201999741694,True,0.0,327.68892139308275,4915333.820896241,0.9999999997517721,3.3571428564336347,1464141.9895124468,76079066457.42587,2.0070752161412e+18,2.0070752161412e+18,2.0067219262804598e+18,4.982374312421628e-19,0.10580565575258996,-12.708091804821596,-9.298834963460882,0.016452434916249748,3.058559646382519e-06,64,7.332057183617735e-09
0.333,59134556250.0,ok,optimal,CLARABEL,0.0048748849999356025,True,0.0,327.6889212842177,4915333.8192632655,0.9999999992546034,3.357142855013153,1464141.9896455398,76079207268.38527,2.007078930936872e+18,2.007078930936872e+18,2.0067256385029786e+18,4.982365090809938e-19,0.10580555783751351,-12.707997987827033,-9.298757199303898,0.01645254633958879,3.0587325075882715e-06,64,4.05541267234355e-08
0.37462500000000004,66526375781.25001,ok,optimal,CLARABEL,0.005194692999793915,True,0.0,327.68892134086445,4915333.820112967,0.9999999993101181,3.357142855171766,1464141.989829467,76079162420.94392,2.0070777477968538e+18,2.0070777477968538e+18,2.0067245612376806e+18,4.982368027833942e-19,0.10580558902284533,-12.708082311303466,-9.298832130784682,0.01645232118678958,3.05840084755799e-06,64,2.3267388016279256e-08
0.41625,73918195312.5,ok,optimal,CLARABEL,0.005199469000217505,True,0.0,327.68892135102755,4915333.820265413,0.9999999996420832,3.357142856120238,1464141.9894612217,76079639208.38162,2.0070903261353395e+18,2.0070903261353395e+18,2.006737158579949e+18,4.98233680357328e-19,0.10580525748305857,-12.707872322511182,-9.298621525615975,0.016452833444730364,3.0587530577364237e-06,64,2.0165935588067896e-08
0.45787500000000003,81310014843.75,ok,optimal,CLARABEL,0.004969378999703622,True,0.0,327.4570475346927,4911855.713020391,0.9999999992313633,3.3571428549467526,1463105.9580270073,81310014878.64592,2.1450751604362437e+18,2.1450751604362437e+18,2.1447217951443932e+18,4.661841311875665e-19,0.10234566455763397,-11.508965879677424,-7.852019380386624,0.01886584573343062,4.006838345451977e-06,64,0.0707603666958323
0.49950000000000006,88701834375.00002,ok,optimal,CLARABEL,0.004913211000257434,True,18.634872436523438,326.38827303635895,4895824.095545384,0.9999999994203467,3.357142855486705,1458330.582371243,88701834356.36514,2.3400819917072645e+18,2.3400819917072645e+18,2.3397288384864384e+18,4.2733545386177917e-19,0.09798851364013571,-10.07026883488133,-6.017320115948841,0.022767536652722443,1.0019100117053325e-05,64,0.3969155793016821
0.5411250000000001,96093653906.25002,ok,optimal,CLARABEL,0.005141862000073161,True,41.69355773925781,324.5256679663424,4867885.019495136,0.9999999992771773,3.3571428550776496,1450008.3045714013,96093653864.55646,2.5350888237821834e+18,2.5350888237821834e+18,2.534735805506073e+18,3.944634959606925e-19,0.09414431871033192,-8.91976188038591,-4.37151803486391,0.027819463207799978,2.209282911616308e-05,64,0.9653220612668378
0.58275,103485473437.5,ok,optimal,CLARABEL,0.0050582379999468685,True,60.06706237792969,321.9279298900639,4828918.9483509585,0.9999999991918427,3.3571428548338362,1438401.3898598214,103485473377.43294,2.730095655980704e+18,2.730095655980704e+18,2.7297425768216146e+18,3.6628753201718143e-19,0.09071973549167371,-7.9623209842192155,-2.8593981728873406,0.03508462419591845,4.135527091757757e-05,64,1.7580672248947105
0.624375,110877292968.75,ok,optimal,CLARABEL,0.004840866999984428,True,106.04818725585938,318.62438468481133,4779365.77027217,0.9999999987894395,3.357142853684113,1423640.8692073727,110877292862.70181,2.925102487450895e+18,2.925102487450895e+18,2.9247469646610186e+18,3.418683633445809e-19,0.08764359103811044,-7.130096201109676,-1.4255751980484361,0.044256124788279005,6.9965474191638e-05,64,2.7662017663269367
0.666,118269112500.0,ok,optimal,CLARABEL,0.004933759999858012,True,147.1523895263672,314.6343760966256,4719515.641449384,0.9999999985071997,3.3571428528777134,1405813.1715794748,118269112352.84761,3.1201093190497475e+18,3.1201093190497475e+18,3.1197531595385134e+18,3.2050159072777535e-19,0.084860542135314,-6.415319080501174,-0.025355906986444868,0.05573407353847472,0.00011149622789619469,64,3.9838226034705104
0.7076250000000001,125660932031.25002,ok,optimal,CLARABEL,0.0051393649996498425,True,110.69113159179688,309.9396355000797,4649094.532501196,0.9999999989911676,3.3571428542604793,1384836.6704446692,125660931920.55888,3.3151161526948874e+18,3.3151161526948874e+18,3.314974933530332e+18,3.016485558694802e-19,0.08232681849588529,-5.701227545509349,1.203124969758883,0.06249999706007343,0.0001624049057899393,64,5.416504726577765
0.7492500000000001,133052751562.50002,ok,optimal,CLARABEL,0.005344675999822357,True,198.72515869140625,304.3115767649616,4564673.651474425,0.9999999983491559,3.35714285242616,1359690.0257537742,133052751363.77486,3.510122983055663e+18,3.510122983055663e+18,3.510102571973481e+18,2.848903029401754e-19,0.0800072864087052,-4.939309672853663,2.233817446778424,0.062499998599206595,0.00021971186328202476,64,7.134005187313274
0.790875,140444571093.75,ok,optimal,CLARABEL,0.00517163700033052,True,290.35162353515625,297.40101934739295,4461015.290210894,0.9999999977856429,3.3571428508161225,1328813.0676734296,140444570803.39838,3.705129813321665e+18,3.705129813321665e+18,3.705111729881409e+18,2.6989607662450443e-19,0.07787337423455823,-4.162279832397705,3.081182656921526,0.06249999904065667,0.00028140567031683414,64,9.242882529789053
0.8325,147836390625.0,ok,optimal,CLARABEL,0.004805406999821571,True,315.0876159667969,288.5433595943776,4328150.3939156635,0.9999999977816811,3.3571428508048036,1289236.2899833356,147836390309.91238,3.9001366453523343e+18,3.9001366453523343e+18,3.900118902892231e+18,2.564012728096764e-19,0.07590157636248542,-3.3749575600150816,3.749091603988464,0.06249999943868692,0.00034435997564815604,64,11.945952171176355
0.874125,155228210156.25,ok,optimal,CLARABEL,0.005108571999699052,True,366.714599609375,276.6586253284529,4149879.3799267933,0.9999999976024532,3.3571428502927234,1236134.2859047384,155228209789.5354,4.0951434766735795e+18,4.0951434766735795e+18,4.0951415091197056e+18,2.4419168844659975e-19,0.0740723539176171,-2.5772489532811176,4.337050710263978,0.062499999616463665,0.00041533010851634976,64,15.57278649152154
0.9157500000000001,162620029687.5,ok,optimal,CLARABEL,0.004816167000171845,True,410.1100158691406,259.3168668051356,3889753.0020770337,0.9999999974932228,3.3571428499806366,1158649.8328778201,162620029277.38998,4.2901503082119854e+18,4.2901503082119854e+18,4.2901502945813765e+18,2.330920662816525e-19,0.07236931354052986,-1.7863583315951523,4.8493601898098255,0.06249999973278522,0.0004948382182113608,64,20.864927113280096
0.9573750000000001,170011849218.75003,ok,optimal,CLARABEL,0.004958082000030117,True,430.31280517578125,229.69999666263772,3445499.9499395657,0.999999997564794,3.357142850185126,1026319.136151614,170011848788.43723,4.485157140362248e+18,4.485157140362248e+18,4.485156438764921e+18,2.229576286192804e-19,0.07077858492518382,-1.0192226307725378,5.3111715526915395,0.062499999820738485,0.0005863955838265416,63,29.903032525699313
0.999,177403668750.0,ok,optimal,CLARABEL,0.005085022000002937,True,202.0465087890625,126.73029439489048,1900954.4159233572,0.9999999990223856,3.3571428543496733,566241.7413844605,177403668547.9535,4.68016397906748e+18,4.68016397906748e+18,4.680162413393746e+18,2.136677271293493e-19,0.0692883425055088,-0.30153605783896453,5.8926840752111325,0.06249999994950232,0.0007194439744107933,45,61.32603633750014
