subcarrier,gamma_frac_0.0000,gamma_frac_0.0416,gamma_frac_0.0833,gamma_frac_0.1249,gamma_frac_0.1665,gamma_frac_0.2081,gamma_frac_0.2498,gamma_frac_0.2914,gamma_frac_0.3330,gamma_frac_0.3746,gamma_frac_0.4163,gamma_frac_0.4579,gamma_frac_0.4995,gamma_frac_0.5411,gamma_frac_0.5827,gamma_frac_0.6244,gamma_frac_0.6660,gamma_frac_0.7076,gamma_frac_0.7493,gamma_frac_0.7909,gamma_frac_0.8325,gamma_frac_0.8741,gamma_frac_0.9158,gamma_frac_0.9574,gamma_frac_0.9990
0,0.011729581684242214,0.011728731747867812,0.01172769569648863,0.01172885181443032,0.011728619194420477,0.011728478668140951,0.011728065167488791,0.011728783988588835,0.011728489729254644,0.011728669337104296,0.011728948370280377,0.014467983678177072,0.01911892989848356,0.02490716045436905,0.032173882555989956,0.04134337001647325,0.05282500393714236,0.06249999624963142,0.06249999851624003,0.06249999902311251,0.06249999943868692,0.062499999616463665,0.06249999973278522,0.062499999820738485,0.06249999994596531
1,0.00945499643365179,0.00945525636096899,0.0094554602785032,0.009455220216686419,0.009455045940663272,0.009455314354606814,0.009455465257062519,0.009455357305276012,0.009454779451481272,0.009456018306960015,0.009454908631955953,0.011884578637759243,0.015786482387398625,0.020253424311355038,0.02527297404099255,0.030732005518190057,0.03636147982836246,0.04494529438720757,0.06249992692131124,0.06249999785883006,0.062499999127479874,0.06249999951327187,0.06249999969182888,0.06249999981457079,0.06249999994950232
2,0.01634940991519565,0.01634968676402667,0.016348918023022786,0.016349678978476535,0.01634815656971436,0.016349772755586616,0.01635003097483452,0.016349591734564094,0.016349766857176717,0.01634972600377388,0.016349843560315012,0.018489243343140723,0.021741431473975954,0.025181964798339056,0.0286689998839778,0.03199951325146231,0.034893220713637964,0.03869511877262431,0.04531558564639753,0.06249994859332298,0.06249999852226714,0.062499999284877726,0.06249999958965548,0.062499999749769414,0.062499999927823326
3,0.01621397587740954,0.016213653187791468,0.01621378718758803,0.01621365960983546,0.016213368675870775,0.016213866654484,0.01621345610533872,0.01621353659840074,0.016214067931630542,0.01621380514689025,0.016213517801116163,0.01808143159176268,0.02076815750151327,0.023395017694451153,0.0258049506837973,0.027814436683816283,0.029255506240232834,0.030925076327506625,0.03354226213822917,0.039644439063189776,0.06005269924085335,0.062499998620895066,0.062499999451483074,0.06249999971495158,0.06249999992869531
4,0.015685177494302087,0.01568492305942303,0.015685800942952327,0.015684929923527633,0.01568467531838587,0.015685245644959617,0.015684039860359066,0.015684469124909194,0.01568464536265479,0.01568503236716113,0.015684965157142062,0.017296164966143345,0.019488860401843007,0.021464148055579016,0.023089336421118812,0.024239198999478684,0.024833720468648755,0.0254149605043266,0.026303986651921407,0.028468248772689286,0.03428917689183832,0.05559677690665276,0.06249999898901285,0.062499999646061864,0.062499999929870875
5,0.016434984200163427,0.01643479851229217,0.016434882009749227,0.016434794049830462,0.016434968882456838,0.016433357065299317,0.016435249071428647,0.016434785838944928,0.01643535013795001,0.01643482084589006,0.016434776187015727,0.017806546000248714,0.01956395983932365,0.02101077345639854,0.022050679346495378,0.022614390886560466,0.022690147669655106,0.02266671809777294,0.022698062073434135,0.02322380896331806,0.024942702163898527,0.02961351419216877,0.05340495557275632,0.062499999264690895,0.062499999921333864
6,0.01620336964618018,0.01620338661218161,0.016204672604373437,0.016203474898180383,0.01620318859965497,0.01620291991201263,0.016203681948256825,0.016203373842081197,0.016202247078597874,0.016203497350339026,0.01620360962618136,0.017348950499843602,0.018724031029705147,0.019737362075314964,0.020332720965973307,0.02048374748051273,0.020228866856338644,0.01984344470517193,0.019415326643169934,0.019154666441132027,0.01928130323657096,0.020069032677967315,0.02327644930218527,0.05165080243633363,0.0624999999099734
7,0.016116055373309686,0.016116131817416536,0.016116234435006444,0.01611610208231108,0.016115261219616588,0.01611679935764367,0.016116015072527586,0.016116025739679043,0.01611552266899887,0.016116249583897502,0.016117061562933157,0.017052031372283432,0.018085950588724697,0.01874043971541981,0.01899307463000105,0.018852144189277033,0.018373160810056903,0.01776663644021424,0.017076368260137354,0.016402166058389903,0.01580892255275683,0.015258144195294898,0.014937282751334737,0.015541740547138385,0.05920928721674732
8,0.016156313488389182,0.016156634215313798,0.0161567839529495,0.01615662509323532,0.016157693602390846,0.016156759074780903,0.016156954249298184,0.01615665453181825,0.016158381441708124,0.01615643901543651,0.016156903335284536,0.016894621373520515,0.017626623064293852,0.017982054850487334,0.017966174810966986,0.017608627765549938,0.016979788319823087,0.016233809763999962,0.01539053631602058,0.014495671220094772,0.013542087403927107,0.012445006169425713,0.011116488254072644,0.009197405149702558,0.0016023146934804186
9,0.016253025572723043,0.01625304845514151,0.01625303078434256,0.016252971750838285,0.0162538847022962,0.016254517303001658,0.016253193941917,0.016252990848982254,0.01625322603797589,0.016252345406807027,0.01625299426809886,0.016805409711333888,0.01726921201380994,0.017372653758175954,0.017142992035413855,0.016625841376196705,0.0158943997774521,0.015057022341327976,0.014124003280071566,0.013101458862401232,0.011970157088285999,0.010634968625470897,0.00897844781169146,0.006638758706751723,0.0007364780715709539
10,0.01639327683336829,0.016393433865614766,0.01639296714869197,0.016393420277678237,0.016393507171963632,0.016394390953550914,0.016393525892686535,0.016393439981929662,0.016393406901672312,0.01639346309765668,0.01639371261539406,0.016772594515399822,0.016995780280296857,0.016887271938011046,0.01648594519207759,0.015847717367229293,0.015044108837234074,0.014151949369928916,0.013162594725263937,0.012072851244092768,0.010847648076851601,0.00941630597757314,0.00766626589674182,0.005326442592820438,0.0005499530575556782
11,0.01621186439839145,0.016211866895647496,0.016211222412775724,0.01621183093253025,0.016211761935637645,0.016211303698730962,0.01621226449718684,0.016211871395393023,0.01621122984022543,0.016211954462272693,0.016212876957818704,0.01642741258415128,0.016437586603328117,0.016148077769190305,0.015610697709851176,0.014879417565427615,0.014024036794598507,0.013096119921752128,0.012076746203499227,0.01095033621941151,0.009681870961995598,0.008219805315784028,0.006466927952452629,0.004231106087034986,0.0002039084901773307
12,0.016452988183861664,0.016452419556919774,0.01645242260524659,0.0164524648942126,0.016454078460431006,0.01645212465628519,0.016452192622663578,0.016452434916249748,0.01645254633958879,0.01645232118678958,0.016452833444730364,0.01651618566860699,0.016334113346914807,0.015890264251037484,0.015240668438853248,0.014437290891901036,0.013548148999523427,0.012597829826487794,0.011562526961949038,0.010420871566928953,0.009136453906171804,0.007673773300565909,0.005957060265328437,0.0038452741535848064,0.00034571238871360793
13,0.015905953469731518,0.015905841640136788,0.015905634769094557,0.015905721219680924,0.01590572193810624,0.015905841105939417,0.015906191872907,0.015905689746530966,0.01590567947968665,0.015905691432792513,0.015905787563144837,0.01582720198453824,0.015473531301465445,0.014897672479721224,0.014155663087653026,0.013297373463054395,0.01238395880427545,0.011420451448992288,0.010380565196939862,0.00923473649874409,0.007948940026504073,0.0065041498400562,0.004837168300763945,0.0028440327995729016,4.95640886500031e-12
14,0.01616937585670621,0.016169827697664098,0.016169947365559007,0.016169917903272397,0.016170154072592292,0.016169351513672544,0.01616877869025482,0.01617006001412515,0.016169596729075753,0.01616983677691604,0.016170466353193472,0.015959953183242705,0.015451064395798148,0.014762012483266569,0.01394409231501069,0.013040630301129716,0.012111668651159653,0.011143123573130931,0.010103338768003633,0.00895871708344025,0.00768339438618567,0.006265175094997007,0.004649042873950422,0.002764911410398001,3.257018309014021e-11
15,0.01642435919990585,0.016423156051840446,0.016423229447885827,0.016423180766315538,0.016423512044278544,0.016423950164951084,0.01642330837598236,0.016423227190119866,0.016422635911143537,0.01642279789253691,0.01642276272188469,0.016090760663285162,0.015443017556344299,0.014655078087944733,0.013776215987844122,0.0128397086881001,0.01189848224449068,0.010927398176637437,0.00989115928972614,0.00875520569763167,0.007492905664185294,0.006101498621715251,0.0045390580658571,0.0027507238155742276,0.0001696386939505246
16,0.01475010523767234,0.014750587962214616,0.01475099736984941,0.01475061280691961,0.014750669490629215,0.014750720549914042,0.014750349765502772,0.014750570616231825,0.014750908019112876,0.014750823047668426,0.014750596589420064,0.014303631388320661,0.013532032989277697,0.012659110358586152,0.011727129224807115,0.010765685065804281,0.009817442956073603,0.008846256372938201,0.00781639416201141,0.006690084881807629,0.005446034561803845,0.004083061360964208,0.0025693818795515713,0.0008647182081320417,0.0
17,0.015361119450555762,0.015360027438002613,0.015360356433741677,0.015360093270218218,0.015359975876602115,0.015360093253318226,0.015359653172782723,0.015359975574727,0.015359014352093026,0.015359640800460317,0.015359708194385062,0.014807751896856989,0.013924732204193584,0.012977827397054083,0.012002432884829915,0.01102029098799785,0.010068343895073219,0.009099944194880631,0.008078683694969795,0.006962368778103996,0.00573532633912773,0.0044010530332960485,0.0029325065238047106,0.0013008389203949576,0.0
18,0.014636203694079844,0.014636293320402201,0.014636507437872781,0.014636301700701324,0.014636172471137552,0.014635851521254125,0.014636446853105046,0.01463621494405671,0.014636928389732705,0.014636137799326713,0.01463669870447502,0.013986644841576848,0.013004042531685923,0.011994518707817954,0.010981874658763893,0.009983422474377036,0.009028736454893894,0.008065502997590887,0.007051916052203088,0.0059473680055814335,0.004736480745857731,0.0034300883565902213,0.0020023677297753544,0.00043471213378221216,0.0
19,0.0162915119462043,0.01629201819516547,0.01629230320360263,0.016292046122157067,0.016291763526126005,0.016292064604366115,0.01629190307040156,0.016292189432461916,0.01629243555129596,0.01629192971879836,0.016291220328882784,0.015552662697398467,0.01448148261365892,0.013415401993981101,0.012373627580536244,0.01136156000670199,0.010406769671748998,0.009447264825512575,0.00844275687452236,0.007350554273873253,0.006155428781236242,0.004875069382395672,0.003484971056102703,0.001971676309131141,1.6212888462924923e-11
20,0.01619180700609313,0.01619185724235518,0.01619197765577199,0.016191782782666204,0.01619185921157779,0.016191800725294685,0.016191992340515174,0.016191874306107613,0.01619183897565594,0.016192272761624875,0.016191138610472795,0.015371763131641162,0.014220643762604967,0.013107039450094416,0.012038771336065734,0.011017630500926506,0.010062911880355846,0.009108382838055514,0.008111493261001568,0.007031576810672769,0.005853396749860258,0.004594727491457406,0.003237715484231647,0.0017722197836601307,1.3026385125557813e-12
21,0.01629082636354953,0.016290539105174723,0.01629016607765873,0.016290534594081273,0.016290297584310286,0.016289507127130988,0.016290930086270382,0.016290135769277167,0.016291631537170063,0.01629031621339909,0.01628958434266402,0.015395420936325458,0.014174513536903887,0.013020180774317519,0.011929967542799404,0.010901109405061012,0.009946736753339106,0.008998188284988268,0.00801069721289898,0.006940425905646194,0.005776185986407773,0.004538341589985404,0.0032112854137454384,0.0017874170298800918,7.072137761141313e-12
22,0.0157883812155468,0.015787664473750077,0.015787631051613873,0.01578770893336932,0.015787489239457376,0.01578677898972117,0.01578745928569186,0.015787620019127133,0.015788991386727402,0.015788093218985853,0.015787579288869556,0.014827149414277303,0.013543245358271547,0.012352921055903396,0.01124456709473188,0.01020962053095046,0.009258038781904279,0.008312738983558521,0.00733275258860296,0.006273313580793223,0.005122863792678056,0.0039034225942438973,0.002601605902231651,0.0012139746584438665,0.0
23,0.016221524223875062,0.01622220161058694,0.01622282558726551,0.016222194299695666,0.016220594849788224,0.0162212598013352,0.01622334637792697,0.016222213170247364,0.01622271037643671,0.01622204631132406,0.01622189432034078,0.01520184215294419,0.013863165070915643,0.012642336037930533,0.011519199502176614,0.010479321816916005,0.00952988059541081,0.008589985173407701,0.007616026819938484,0.006564861360651762,0.005427719909960351,0.004224860739102052,0.002946164129451926,0.0015891828150046041,4.705407653423038e-13
24,0.016123494827714656,0.016122875105817204,0.01612283439131336,0.016122859679619524,0.016122682305821364,0.01612358357270109,0.016123325581928603,0.016122889828866366,0.01612248532432039,0.016122925248705035,0.016123290884170218,0.01505037656662902,0.013664410013283378,0.0124171406454938,0.011281481927363059,0.01023794373030333,0.009290852319926038,0.008355087977031894,0.007387103147903469,0.006345026848159763,0.00521791035182164,0.0040298473998325885,0.0027705562479323135,0.0014397984224111314,0.0
25,0.0163448595860787,0.016345694432808915,0.016345769399038396,0.016345758305158945,0.01634713965241943,0.016345640666473277,0.016345808873044994,0.016345702413635498,0.016344960211815467,0.01634584191946563,0.01634654934433898,0.015227848138331158,0.01380102232434389,0.012531813125066871,0.011386336436507454,0.010338857609739927,0.009393648858930688,0.00846235784898366,0.007500953790343989,0.0064655162131456185,0.005347452602685409,0.004172054358830853,0.002929236872291038,0.0016212381170654115,1.2516470051425641e-11
26,0.015612625423388794,0.015612768281581752,0.015613323897642858,0.015612792171324741,0.015613251339589157,0.01561280307362979,0.015612129345406393,0.01561290629882797,0.015611917431791673,0.01561232153210379,0.015612417693034725,0.014455288597535587,0.012995199319025685,0.011707558909273916,0.01055369556150095,0.009504745647952237,0.008561014914941092,0.007632835525287289,0.006676605854850763,0.005646938234823538,0.004537091685165161,0.00337224681265762,0.0021436159949590004,0.0008540506403317581,0.0
27,0.016374214791144374,0.01637503318793879,0.016375143636100733,0.016374846834085313,0.016373818820320206,0.01637383942572517,0.01637510601862721,0.01637501340098608,0.016374997349957565,0.01637480458925736,0.016375097960664973,0.0151853498004701,0.013697028407265083,0.012394593883562443,0.011233610925035718,0.010183347441035629,0.009242032163806485,0.008316313163034104,0.00736380054155531,0.006339905938154345,0.0052362591024330265,0.004080381719948012,0.002863279670158602,0.0015887498684415324,4.9976970997462185e-11
28,0.01504759410598139,0.015046434464449532,0.015045944575000126,0.015046377600744076,0.015046623728926171,0.015047410125605351,0.015046036477774416,0.015046387662875107,0.015046938699243473,0.015045654669937252,0.015046261655447602,0.013831625078364116,0.01232055238513943,0.011006863062957922,0.009840593019869429,0.008789855130718543,0.007848464486774323,0.00692586848552617,0.005976648080133742,0.004956988926681022,0.003858350998755609,0.0027092207095920245,0.0015010305543654938,0.00023882500699882867,0.0
29,0.015538180036585527,0.015539322879043622,0.015538825552908675,0.015539271269234505,0.015538745018654865,0.015539539163691071,0.015539540208448638,0.015539291881870218,0.015539407522749061,0.015539357540262715,0.015538259326529922,0.014305216662299948,0.012777803309023512,0.011455485634661694,0.010285662005899967,0.009233776199231433,0.00829299326049203,0.0073727836666702155,0.006425033854631413,0.005409036077553455,0.004314935991354272,0.0031709860280629237,0.001969786185373719,0.0007155980625474872,0.0
30,0.016001576612652103,0.016001477060528655,0.01600184613722488,0.01600151745617699,0.016000316411553656,0.016000946520055723,0.016001531576377674,0.016001414287862715,0.016000242648986137,0.01600154215741871,0.01600133850796798,0.014754599077101834,0.013216443835448226,0.011888098968648045,0.010716418519413115,0.009663210896298022,0.00872396193385725,0.007804022505838617,0.006860186793460942,0.0058448439322392725,0.004752874174735535,0.0036128207344057815,0.002415722045590588,0.001167611344257304,0.0
31,0.016014371663779482,0.01601444825683563,0.01601385874402487,0.016014457846061304,0.016014411744970716,0.016014380284214223,0.016014224057792716,0.01601450839011573,0.016015596700459205,0.016015018397301756,0.016014929741565077,0.014762030945770265,0.013217991096823282,0.011886581219915498,0.0107128599135985,0.009660944172442629,0.00872173930214649,0.007802767632118727,0.00685803617837067,0.00584473050309263,0.004754746362641322,0.003615439843832558,0.002420608561669829,0.001175559898261945,0.0
32,0.004881880255864672,0.004881343886316011,0.004881517128722562,0.004881347181659049,0.0048810847094310815,0.004882225257017101,0.004880511579557362,0.004881349987719031,0.004881128582803865,0.004881486317576292,0.004881000162849833,0.00362772929548521,0.0020842487744572955,0.0007533633642598483,2.1569655087317314e-09,7.089020838776915e-10,4.653810038299798e-10,1.9580569267593636e-10,2.0815513901475657e-10,1.788642605886255e-10,1.0257690966563117e-10,5.442914725966176e-11,9.185300097546321e-12,0.0,0.0
33,0.01561237231149704,0.015612730883725365,0.015612773689657853,0.015612686572556645,0.015612615935304778,0.015612672615135695,0.015612696633146987,0.015612747845615126,0.015612200043161467,0.015613199183264481,0.015612490675475902,0.014365652663393848,0.012827457575512121,0.011499501509151565,0.01032690746690401,0.009274214190271066,0.008337032376839467,0.007415760892567812,0.0064707687781167065,0.0054557602215045626,0.0043639204411498244,0.00322399134995675,0.002027197744167053,0.0007786716302157271,0.0
34,0.016230792870678253,0.016230367552891495,0.01623014650111967,0.016230441761442258,0.016230561166692154,0.016231305715748105,0.016230657989592272,0.01623047938659462,0.01623035310582642,0.016230432053548575,0.016230105813252793,0.014996369070026896,0.013468858296042814,0.012146389098014503,0.010976784676734788,0.009923975672232578,0.008984249093431413,0.0080634381811912,0.007117108036119502,0.0061002567722241025,0.005006023494044701,0.003862133921078874,0.002660616770001012,0.0014069792995956376,0.0
35,0.016268684686879992,0.016268522819339493,0.016267477874306175,0.01626852176254757,0.016268653202300757,0.016269644775828124,0.016268586633187712,0.016268691175930612,0.01626825069038553,0.016268556077192672,0.016269081591921815,0.015054578510582386,0.013542661124283258,0.012228827717981465,0.011062798696076284,0.01001118165337974,0.009070930102990394,0.008147509839130011,0.007198933743621495,0.006178345681893467,0.005080428471652818,0.003931498103546084,0.002723321572531213,0.0014607526852623313,5.855800923288801e-13
36,0.0156754769379047,0.015674823713252278,0.015674175291197842,0.015674844315420072,0.015674130738100235,0.015674824735571222,0.01567548049370909,0.01567512761800573,0.015674874072191546,0.015674836780879164,0.015674421376310182,0.01448547664848673,0.012996953534890157,0.01169425840440424,0.010533330757419853,0.0094827558025202,0.00854131132842833,0.007616621355260087,0.006663879899408613,0.005639328720614806,0.004536161181418867,0.0033803070235529464,0.002162991686636027,0.0008885883545866428,0.0
37,0.015954710082539635,0.015954068792405508,0.015953129312466587,0.01595404685173062,0.015954746193327027,0.01595288708588955,0.01595439153732845,0.015954094195663848,0.01595405132443092,0.015954152998668373,0.0159533216203102,0.014796544109718094,0.013336358554276576,0.012048268840290954,0.010893856443817707,0.009844705209134037,0.008901843656235687,0.007974113825804867,0.00701818248903255,0.005988303506953103,0.004878376950609992,0.0037129219556533673,0.0024850506910321624,0.0011951660753034355,0.0
38,0.015621301250486665,0.015621916057752098,0.015621822623785074,0.015621916445513693,0.015621702746242206,0.01562242910635912,0.015622159754881411,0.015621917265712403,0.01562174117453295,0.015621975467722184,0.015621782515129712,0.014503881872694163,0.013077182949746607,0.011807776990831529,0.010662044301907904,0.00961694585110597,0.008669774450133437,0.007738675388415933,0.006777162251702501,0.005741130623061122,0.0046240872718090326,0.003448242734033254,0.00220582150831724,0.0008974627997100516,0.0
39,0.016377234636305475,0.016377974305696073,0.016378047778769153,0.0163780767372421,0.01637796417823742,0.01637798111051819,0.016377962025584617,0.01637800748556008,0.01637800232963653,0.01637804358885357,0.01637821540544974,0.015304653139483603,0.013919512063256234,0.012672703268921084,0.011536548414874268,0.010493034005855162,0.009545385969263027,0.008610217506110442,0.0076429019064281276,0.006601133272440885,0.005473032300746585,0.004285135411596631,0.0030254238917849672,0.0016950267975479126,5.197317999824686e-06
40,0.016298998395194615,0.01629985369232599,0.016299918548457266,0.01629978901697181,0.016300027898030714,0.01629883982442816,0.016299435504578408,0.016299988680545285,0.01630011390303721,0.01629986601225242,0.01630019331682683,0.015281658322387726,0.013941204402726157,0.012720108413296323,0.011596848144339492,0.010556494484160179,0.009606850919057828,0.008667800314737304,0.007694592126604533,0.0066433507220446395,0.0055053239097761445,0.004303503506593101,0.0030237361209211845,0.0016667078685104184,4.978202668027325e-12
41,0.01640236587294201,0.01640255992239285,0.016402686483395715,0.01640258390923669,0.016403273074865152,0.016401736018957832,0.016402685613936322,0.016402572371629724,0.016402558718393394,0.016402795972631258,0.016402619633345213,0.015443311595519347,0.014157808725990874,0.012967683023478779,0.011860308983307088,0.010824069636047588,0.00987229980548996,0.008928986392180017,0.007947566290551818,0.006888373592840767,0.005737737018602166,0.004518316754184242,0.0032170923381704087,0.0018289819455204754,4.189527992830761e-05
42,0.016297292187177004,0.016296831659474688,0.016296982601338644,0.01629683371217189,0.016296730312550925,0.016296903762018956,0.016296685759086788,0.01629682836337697,0.016296714850594262,0.016296895148021396,0.016296640732299077,0.015402555967115813,0.014180956475632842,0.013026692935345117,0.011936446427883078,0.010906382369471897,0.00995333514813785,0.009004784302118122,0.008016651383652965,0.006945496233365548,0.005783001261890014,0.004545011127948449,0.0032175716444287315,0.0017937106151876552,8.178071671572212e-12
43,0.01595366455285936,0.01595394508511268,0.015954884680311178,0.015953934136492046,0.01595377188920276,0.015954032118856838,0.015954214485877208,0.015953941020134612,0.015954088496851055,0.015953686458783034,0.01595383652946816,0.015134815135831911,0.013982476377865559,0.012869213891436025,0.011800176538369012,0.010778922083835922,0.009825854022485123,0.008871328028168271,0.007874256326205989,0.006794127328713424,0.0056158352289585305,0.0043567795493722776,0.0029994971370031973,0.001534153808831557,0.0
44,0.016437567082583662,0.01643823617967257,0.016438305094098913,0.016438212870018253,0.016438751086442296,0.016437825277907474,0.01643837324982438,0.016438200698125818,0.016438577666911643,0.01643833074099904,0.01643783938841363,0.015698782706350466,0.014627619184909296,0.013562727914617415,0.012518591852451667,0.011508065954698258,0.010552666257071542,0.0095937731123028,0.008589291789201012,0.007497530501921994,0.006302982771752012,0.005022587405084547,0.003631288089813332,0.0021178154715115506,0.00010628462439901143
45,0.014140125138131456,0.014139599088355985,0.014140261027676033,0.01413953657008062,0.01413910667281872,0.014139331537407197,0.01414009396191374,0.014139572295755493,0.01413871396451316,0.014139535389887055,0.014139375571700342,0.013490580051849521,0.012507222545810425,0.011497445881551424,0.01048520663479648,0.009485815182687955,0.00853337778697184,0.007568513912564849,0.006553849129149043,0.0054513629497500785,0.004240145456847982,0.0029333547608905177,0.0015066560716593485,2.1629988579430975e-09,0.0
46,0.016311304719473233,0.016311925953210217,0.016312001326869347,0.016311928392631354,0.016312544999369852,0.016312161262830575,0.016311951651375143,0.016311963907409566,0.016311776480916418,0.016311518799025784,0.016311827902688703,0.015759075213489432,0.014876728321363192,0.013930694756994757,0.01295406722413164,0.011972083144220127,0.011019936257418681,0.010051535628242013,0.009029673903383707,0.007914158556014489,0.006686028508945779,0.005353053711636568,0.0038846229741311936,0.0022527409311193978,1.0727457649046908e-05
47,0.016399101684704074,0.016399580119918,0.016399631160075846,0.016399574188388003,0.01639984391162139,0.016400121475807876,0.016399417982506354,0.016399812499789466,0.016399545439360966,0.016399573513900832,0.016399737108745926,0.015952745433372877,0.015181115782929683,0.014308692062165512,0.013377314211541182,0.012414383377391968,0.01146625974327388,0.010494743602310815,0.009465387507792246,0.008339387034180763,0.00709390780993742,0.005732182378457687,0.0042189439822266275,0.0025135007139038272,0.00011937682228594705
48,0.016371195076915607,0.016370788906051457,0.01637083194966222,0.01637081011865798,0.01637101227159327,0.016371783911028816,0.016371029382748124,0.016370736796093174,0.016370230830567035,0.01637079469167572,0.01637070685185999,0.016037804563103372,0.015390558131266996,0.014604566531595616,0.013722486514919871,0.012787285652210092,0.01184554992141477,0.010874549175331356,0.00983951520435361,0.008700724925687605,0.007440458802443768,0.006049303359422142,0.004486842994491309,0.0026982266858566724,0.00011725328436902202
49,0.016216299092471513,0.016216740816169327,0.016215940653016334,0.01621674884773206,0.016216578346979222,0.016215992968960563,0.016216211287242394,0.01621691763265564,0.01621682257783908,0.016216740281201184,0.016217250639466285,0.016005321093262585,0.015497964790727894,0.014808206909632167,0.01399132972172287,0.013088678901008764,0.012159684956450222,0.0111895880868354,0.010149549294044954,0.009006036010019447,0.007730204100388874,0.0063109433616523065,0.004695668882068832,0.0028118157484569362,1.0957083655877013e-09
50,0.015573441975686043,0.015572925482237111,0.015572481860427492,0.015572940545644513,0.015572353057205184,0.015573416967079989,0.015573263152474611,0.015573013138209699,0.015573396753801524,0.015573341145463255,0.015573189244245701,0.015495268508713956,0.01514078977440268,0.014564871083703626,0.013823237171601273,0.012965931590666401,0.012051062454745924,0.011088001501257827,0.010047644786581171,0.008900144464251818,0.0076161652021587275,0.00617185727463106,0.004504405669039131,0.002511301343508355,0.0
51,0.016260923090299067,0.01626072263161498,0.01626001265858835,0.01626071555219058,0.01626275395966041,0.01626041685013127,0.016260456048564333,0.016260710076302875,0.016260717224780268,0.016260781514648867,0.01626163806043567,0.016323748651429493,0.01614214994059566,0.015698729766157715,0.015049529397303314,0.014245746389555655,0.013354980525124648,0.012407105028031329,0.01136992863738932,0.010228512408271457,0.008944012227272844,0.00748315302474036,0.005764772322229079,0.0036528212380155436,0.00015406437579809371
52,0.01625827385283682,0.016258407911977725,0.016258880484851152,0.016258505146956988,0.016258404250900332,0.016258841491615186,0.0162573566546888,0.016258343837018678,0.016259270203433294,0.016258480267038543,0.016257572951380632,0.01647479102154489,0.01648403573519343,0.016194477933426286,0.015657251790258,0.014926080051787688,0.014070836783098397,0.013142762482082782,0.012123606969230719,0.010997670604372987,0.00972964369569995,0.008265955131959818,0.006514361687925865,0.0042769508768429046,0.00025038552617982855
53,0.015930334832451192,0.015930140063686597,0.015930476122333698,0.01592991905339417,0.01593009180646831,0.015930225911714547,0.01593032239145049,0.015930189989479815,0.015930681890293365,0.01593071072616251,0.015930100598461224,0.016308843671031876,0.016532485610895334,0.016423909418051635,0.016024159220040732,0.015384340551918636,0.014580313232642833,0.01368998484968046,0.01269953983311241,0.011609662110698383,0.010384645430844993,0.0089530161808146,0.00720309091195694,0.004863108095496243,8.649597953682092e-05
54,0.01630234312142873,0.016302469394054716,0.016301838034083173,0.016302504412963815,0.016302774842986423,0.01630132012645371,0.016302504607617195,0.01630245035392951,0.016301106549678323,0.016302596704488338,0.016302579609252476,0.016854841268611198,0.017318508181685184,0.017421633552221504,0.017192263278162652,0.016674783762121795,0.015943080134962127,0.015109104299296136,0.014171925697808462,0.01314884789665164,0.012017536068892427,0.010686356329792791,0.009027386577781732,0.006688008159376368,0.0007860115200356685
55,0.0161605125220088,0.01615929246403086,0.01615838738797386,0.016159180494069992,0.016158613047537383,0.016159211729131512,0.01615915706503448,0.016159242206604505,0.0161592504036475,0.016158459482929835,0.01615908867231527,0.016896729624462634,0.017629360193271215,0.017984465216508202,0.017968468841405787,0.017611668360386835,0.016982660831362288,0.016237555623517762,0.01539218660480558,0.014495822022826265,0.01354490219103922,0.012447605435749125,0.011118321912524702,0.009202857817601386,0.0016047203938031759
56,0.015811563134558802,0.015811366015134644,0.01581240871611535,0.015811357632133507,0.01581151217116557,0.015811943783259376,0.015811375250686148,0.015811457182830713,0.015812552760304535,0.015811919264473735,0.01581181584190645,0.01674697553993079,0.01778119600729986,0.01843523430491443,0.01868823460263958,0.018546253592314828,0.018068431227325377,0.017461916320318693,0.016770774385886502,0.01609949396164762,0.015504521658129109,0.014953544191979992,0.014631991982394312,0.01523716940696054,0.05890029358505098
57,0.01605490977729607,0.016054752100842833,0.01605512143836119,0.016054803996121164,0.016056205665578135,0.016054785004586614,0.016054760417984246,0.016054501995688364,0.016054000870990168,0.01605477734051297,0.01605469052554871,0.017202861076713188,0.01857515581553831,0.019588140874557795,0.020184323451798717,0.020335049052293913,0.02008157021912449,0.019694857333159135,0.019266659034526006,0.019005566905871525,0.01912830675391755,0.01992295377867865,0.023133069851514296,0.051500112003086115,0.06249999991101853
58,0.01612977164138276,0.016129667092876134,0.016130113454844712,0.016129675989228393,0.0161295125266016,0.01612977164040774,0.016129822525628307,0.016129672575235395,0.01613017833507535,0.016129880079089873,0.016129467719445744,0.017500405315661265,0.019258955403509397,0.02070529575801486,0.021745363279040152,0.022309497450172206,0.02238535254880388,0.02236070993310526,0.02239304635614331,0.022917865114406973,0.02463669212351149,0.029308866424697516,0.05310127629645272,0.062499999402232845,0.06249999992296492
59,0.01631319707704231,0.016312854152937845,0.01631415895001035,0.01631289794561993,0.016313132252107114,0.01631287255804007,0.016313022072761394,0.016312874335847098,0.016312500477863878,0.016312958234407142,0.016312411845140647,0.017924562196576666,0.020116715882452563,0.02209182588149563,0.023714407654012896,0.024865653574722618,0.025461328260860824,0.026046135696788666,0.026930655641887024,0.029096920130308887,0.03491640120576346,0.056225656326256236,0.062499998983267115,0.062499999637094926,0.06249999992512808
60,0.013685989969642497,0.013686889020994925,0.01368704187663377,0.013686982873445452,0.013686173358563121,0.01368625068309026,0.013686994938405066,0.013686966092642321,0.013687626064854082,0.013686723499415255,0.013686741208589823,0.015554203305882388,0.01824094354111555,0.02086735586602015,0.023277077982268916,0.025286868584015368,0.026725929574844834,0.02839862637183618,0.031015543520877525,0.03711808322287149,0.057528202330491635,0.062499998558961586,0.062499999465016415,0.0624999997364037,0.06249999993880563
61,0.016250395889737652,0.016249536595041195,0.016249438146479948,0.016249582676869847,0.016249459852387654,0.01624977190825175,0.01624916956781737,0.01624950378610811,0.016250429167976758,0.016249581141141205,0.016249973869234668,0.018388880450500186,0.021641264674133617,0.025080567913947728,0.02856692828882236,0.031901493822141504,0.0347925880446742,0.03859605529785688,0.0452171479125038,0.06249994263594607,0.06249999848619852,0.062499999288157256,0.0624999995929384,0.062499999751162695,0.06249999992970879
62,0.016434660471317794,0.01643633682044881,0.016436240644049843,0.016436308080345206,0.016435650141857334,0.016437130917849763,0.016436452132233093,0.016436238307254266,0.01643514795188093,0.016435376402053677,0.016435988531255066,0.01886584573343062,0.022767536652722443,0.027234059582062813,0.032251784630491255,0.037714777279112925,0.04334218168837449,0.05192999707295008,0.06249999360195917,0.06249999699705618,0.06249999906938309,0.062499999475059825,0.06249999966191756,0.06249999976963615,0.06249999992909341
63,0.014640211210738458,0.014640790892306601,0.014639865196971512,0.014640791911923565,0.014640853415919378,0.014641128807393553,0.014640600217732823,0.014640685853434253,0.014640819971701044,0.014640599892945708,0.014641760479637998,0.017380236375439662,0.02203097395475932,0.027819463207799978,0.03508462419591845,0.044256124788279005,0.05573407353847472,0.06249999706007343,0.062499998599206595,0.06249999904065667,0.06249999942984365,0.06249999960350798,0.06249999971655943,0.06249999980481809,0.0624999999387418
