asymmetry,method,metric,count,mean,median,std,ci95_low,ci95_high,p05,p25,p75,p95,max,min
0.0,uniform,fim_mismatch_percent,8,0.0,0.0,0.0,0.0,0.0,0.0,0.0,0.0,0.0,0.0,0.0
0.0,uniform,centroid_magnitude_hz,8,0.0,0.0,0.0,0.0,0.0,0.0,0.0,0.0,0.0,0.0,0.0
0.0,uniform,rate_spectral_efficiency,8,316.854470918482,316.7773639643443,12.372974317874064,306.51040552595214,327.1985363110118,300.5148923456006,311.22484061472437,321.97150286032735,333.7824659407429,338.57968270990483,296.31834148063047
0.0,uniform,ee_mbit_per_j,8,1.415732742401728,1.4153882219683471,0.05528350227135221,1.369514577881914,1.4619509069215422,1.3427261147356622,1.3905790750870664,1.4385960766099732,1.491368464841617,1.5128028376400002,1.3239755683177103
0.0,uniform,dense_psl_db,8,-13.256466474732292,-13.256466474732292,0.0,-13.256466474732292,-13.256466474732292,-13.256466474732292,-13.256466474732292,-13.256466474732292,-13.256466474732292,-13.256466474732292,-13.256466474732292
0.0,uniform,independently_evaluated_unknown_fim,8,2.0255998281153943e+18,2.0255998281153943e+18,0.0,2.0255998281153943e+18,2.0255998281153943e+18,2.0255998281153943e+18,2.0255998281153943e+18,2.0255998281153943e+18,2.0255998281153943e+18,2.0255998281153943e+18,2.0255998281153943e+18
0.0,uniform,physical_sensing_feasibility_rate,8,0.0,,,0.0,0.0,,,,,,
0.0,uniform,false_sensing_feasibility_rate,8,0.0,,,0.0,0.0,,,,,,
0.0,water_filling,fim_mismatch_percent,8,0.054181404211001045,0.04927315643213913,0.050165291689618884,0.012242170818822576,0.09612063760317952,0.0008931643951289692,0.024128345902738817,0.06958654752903647,0.12916387060112122,0.15783704810884827,0.0008219676194285986
0.0,water_filling,centroid_magnitude_hz,8,5572.411987153904,6128.511855749637,3401.5612721124535,2728.6355974625185,8416.18837684529,826.2370211653598,3934.0798975341963,7276.233042711126,9757.88918285692,10898.249989399676,798.968928078138
0.0,water_filling,rate_spectral_efficiency,8,317.6977249710832,318.0080900366432,12.363265473923791,307.36177637522064,328.0336735669457,301.03397751762014,312.04507777557615,323.1440402863483,334.2288646993351,338.9665599302668,296.81963623156093
0.0,water_filling,ee_mbit_per_j,8,1.4195004732749485,1.4208872108014017,0.05524012233015346,1.3733185752935557,1.4656823712563414,1.3450454314622524,1.3942439645295002,1.4438350736191305,1.4933630124865183,1.5145314379871107,1.3262153959288883
0.0,water_filling,dense_psl_db,8,-13.205477403174555,-13.268185191622669,0.47752223592944404,-13.604695982954969,-12.806258823394142,-13.701066797926462,-13.640849648853859,-12.858727892735327,-12.542718056187335,-12.390048442973747,-13.70657948580141
0.0,water_filling,independently_evaluated_unknown_fim,8,2.0111268632746977e+18,2.0135457656591027e+18,2.6186996174181464e+16,1.9892339865984448e+18,2.0330197399509507e+18,1.9795932482831839e+18,1.9898881520844472e+18,2.0288228594189317e+18,2.0432021078569987e+18,2.0488019277653796e+18,1.9782644112816197e+18
0.0,water_filling,physical_sensing_feasibility_rate,8,0.0,,,0.0,0.0,,,,,,
0.0,water_filling,false_sensing_feasibility_rate,8,0.0,,,0.0,0.0,,,,,,
0.0,conventional_s2,fim_mismatch_percent,8,0.05617291075576049,0.05146807857691231,0.0493811660429563,0.014889222809378364,0.09745659870214261,0.0006308582328670975,0.02093304947303387,0.07880755385571325,0.1282225245113935,0.13379319270268417,0.0005033065448955277
0.0,conventional_s2,centroid_magnitude_hz,8,6093.785137850046,6739.585003402854,3816.0654674653356,2903.474568740362,9284.095706959732,741.7412466222863,3933.667411364685,8289.63377837119,10665.262088552108,10899.34915162989,668.4975891085892
0.0,conventional_s2,rate_spectral_efficiency,8,316.4331444533834,316.83907553374195,12.388715706187424,306.0759189308881,326.7903699758787,299.68841289040506,310.954860284375,321.65760328219665,332.96438260359616,337.80668403139697,295.3400567431619
0.0,conventional_s2,ee_mbit_per_j,8,1.4138502206164225,1.4156639553706356,0.05535383608929822,1.3675732555533076,1.4601271856795375,1.339033335099208,1.3893727804952085,1.437193546987176,1.4877131996343245,1.5093490144901356,1.319604509681024
0.0,conventional_s2,dense_psl_db,8,-10.395856046028277,-10.482418395147992,0.3551658646870803,-10.692782139555383,-10.09892995250117,-10.79358050398701,-10.630096902728681,-10.163364560778248,-9.89515619971355,-9.882049669775437,-10.8227795281609
0.0,conventional_s2,independently_evaluated_unknown_fim,8,2.3411086055308257e+18,2.3412188128501504e+18,1156716327647100.8,2.340141566480522e+18,2.342075644581129e+18,2.3394208978519506e+18,2.340578406457657e+18,2.3419340723325466e+18,2.3424096358213325e+18,2.342412623649602e+18,2.3392904090673336e+18
0.0,conventional_s2,physical_sensing_feasibility_rate,8,0.0,,,0.0,0.0,,,,,,
0.0,conventional_s2,false_sensing_feasibility_rate,8,1.0,,,1.0,1.0,,,,,,
0.0,exact_efim,fim_mismatch_percent,8,0.024095539984730963,0.022662246967807963,0.02028223729848928,0.00713916526573545,0.041051914703726475,0.0002807967976664961,0.0097518925850632,0.03478393458113004,0.05288175149385867,0.05521177071481226,0.00024197879069785992
0.0,exact_efim,centroid_magnitude_hz,8,4014.169161389691,4478.89414535419,2458.659641446289,1958.6782619739897,6069.660060805392,497.20718911694473,2676.8978975008094,5525.796214740342,6850.965061022394,7003.5674871809015,463.52454076585354
0.0,exact_efim,rate_spectral_efficiency,8,316.42652300755685,316.83562097506933,12.385311828651458,306.0721431978963,326.7809028172174,299.68727868970285,310.95059669555167,321.64252572810756,332.95392241219287,337.7991826084635,295.3399549158661
0.0,exact_efim,ee_mbit_per_j,8,1.4138206355263954,1.4156485202015183,0.05533862734633364,1.3675563852905903,1.4600848857622004,1.3390282671357967,1.389353730797548,1.4371261796300183,1.4876664625309173,1.5093154973890868,1.3196040543448686
0.0,exact_efim,dense_psl_db,8,-10.39080130490096,-10.47957962984734,0.35684357876786665,-10.689130002500116,-10.092472607301803,-10.790762515541939,-10.621976285713304,-10.159131125691893,-9.887838312629734,-9.88008247740497,-10.820470697882945
0.0,exact_efim,independently_evaluated_unknown_fim,8,2.3424244104889595e+18,2.3424244103971553e+18,2262928733.9002247,2.3424244085971036e+18,2.3424244123808154e+18,2.3424244078813983e+18,2.3424244092697395e+18,2.3424244109577733e+18,2.3424244138578063e+18,2.342424414926636e+18,2.342424407168139e+18
0.0,exact_efim,physical_sensing_feasibility_rate,8,1.0,,,1.0,1.0,,,,,,
0.0,exact_efim,false_sensing_feasibility_rate,8,0.0,,,0.0,0.0,,,,,,
0.5,uniform,fim_mismatch_percent,8,0.0,0.0,0.0,0.0,0.0,0.0,0.0,0.0,0.0,0.0,0.0
0.5,uniform,centroid_magnitude_hz,8,0.0,0.0,0.0,0.0,0.0,0.0,0.0,0.0,0.0,0.0,0.0
0.5,uniform,rate_spectral_efficiency,8,316.9768661286766,318.0881791712577,9.704198171360286,308.86395342977863,325.08977882757455,302.8972696559291,312.15660621737226,324.4861452199656,327.66099208818883,328.9999429531702,302.1835621638959
0.5,uniform,ee_mbit_per_j,8,1.4162796146174914,1.421245055871577,0.04335918331884377,1.38003043021816,1.4525287990168227,1.353370779313726,1.3947422830988974,1.4498317126849527,1.4640171986919075,1.4699997451099094,1.3501818734982582
0.5,uniform,dense_psl_db,8,-13.256466474732292,-13.256466474732292,0.0,-13.256466474732292,-13.256466474732292,-13.256466474732292,-13.256466474732292,-13.256466474732292,-13.256466474732292,-13.256466474732292,-13.256466474732292
0.5,uniform,independently_evaluated_unknown_fim,8,2.0255998281153943e+18,2.0255998281153943e+18,0.0,2.0255998281153943e+18,2.0255998281153943e+18,2.0255998281153943e+18,2.0255998281153943e+18,2.0255998281153943e+18,2.0255998281153943e+18,2.0255998281153943e+18,2.0255998281153943e+18
0.5,uniform,physical_sensing_feasibility_rate,8,0.0,,,0.0,0.0,,,,,,
0.5,uniform,false_sensing_feasibility_rate,8,0.0,,,0.0,0.0,,,,,,
0.5,water_filling,fim_mismatch_percent,8,0.046531544379330846,0.01521932422112929,0.05557516258289463,6.954573705823808e-05,0.09299354302160345,0.001517626483282044,0.004663809693075123,0.09229123914110286,0.12785657472464992,0.14199257049960984,0.0003317449472125256
0.5,water_filling,centroid_magnitude_hz,8,4836.136209330613,3416.5267972525075,3817.777358314761,1644.3944636552633,8027.8779550059635,916.4463454239628,1863.710081754248,8520.550807672611,9913.11696884514,10483.689225090502,509.3267332651598
0.5,water_filling,rate_spectral_efficiency,8,318.3539524960757,319.6744140068795,9.198808663833413,310.66355599904233,326.04434899310905,305.1461220733687,313.12725516576114,325.4812818661012,328.551425226359,329.63444032615274,304.7260192397425
0.5,water_filling,ee_mbit_per_j,8,1.4224325537057019,1.4283324881152148,0.041101059987526785,1.3880712076549717,1.456793899756432,1.363418843306283,1.3990792252084578,1.454278067912922,1.467995729734747,1.4728347333717766,1.361541788092407
0.5,water_filling,dense_psl_db,8,-13.074707380425133,-13.023144437397182,0.6141879340512354,-13.588181343104495,-12.561233417745772,-13.806312019113669,-13.61052745266172,-12.724122832864655,-12.257317621139743,-12.189719205731821,-13.877604807095054
0.5,water_filling,independently_evaluated_unknown_fim,8,2.0283335744602378e+18,2.0361496340812237e+18,5.822382460714271e+16,1.9796572389513677e+18,2.077009909969108e+18,1.9525519168953167e+18,1.9799517337286364e+18,2.0697150780542244e+18,2.0998600182856458e+18,2.105140358335099e+18,1.9439380935149066e+18
0.5,water_filling,physical_sensing_feasibility_rate,8,0.0,,,0.0,0.0,,,,,,
0.5,water_filling,false_sensing_feasibility_rate,8,0.0,,,0.0,0.0,,,,,,
0.5,conventional_s2,fim_mismatch_percent,8,0.04363308539177151,0.02353376633423062,0.04578052043360161,0.0053596125061840735,0.08190655827735896,0.0012929858222695727,0.01025487723962417,0.07696633571304584,0.11170943026154241,0.12377653850754382,0.00029355074191855383
0.5,conventional_s2,centroid_magnitude_hz,8,5260.1340825446005,4559.843306339812,3557.3792330682204,2286.0906175285118,8234.177547560688,917.1001514613419,2928.9659086183515,8258.312555116005,9930.776127199353,10483.413664659001,510.5345612948175
0.5,conventional_s2,rate_spectral_efficiency,8,317.2085495380137,318.8732439226517,9.116738193828894,309.5867656709521,324.8303334050753,304.1305104738939,311.88704641300865,324.30706769335694,327.02675734775613,328.1743635089198,304.09880253294205
0.5,conventional_s2,ee_mbit_per_j,8,1.4173147965550787,1.4247527927900716,0.04073436203330016,1.3832600176660008,1.4513695754441567,1.358881005199673,1.39353786745686,1.4490315797453353,1.4611833845768998,1.4663109864276793,1.3587393313031508
0.5,conventional_s2,dense_psl_db,8,-10.418549544409284,-10.468800410142183,0.1369238295813613,-10.533020730608964,-10.304078358209605,-10.529097667633337,-10.525202382746471,-10.363808480901476,-10.199304831105087,-10.149410180948134,-10.530929398430116
0.5,conventional_s2,independently_evaluated_unknown_fim,8,2.3414023415370906e+18,2.341873152222703e+18,1072373942747392.8,2.340505814485143e+18,2.342298868589038e+18,2.3398077048138906e+18,2.340621535731279e+18,2.3421842011117614e+18,2.342394126430964e+18,2.3424175373916216e+18,2.3395250419127025e+18
0.5,conventional_s2,physical_sensing_feasibility_rate,8,0.0,,,0.0,0.0,,,,,,
0.5,conventional_s2,false_sensing_feasibility_rate,8,1.0,,,1.0,1.0,,,,,,
0.5,exact_efim,fim_mismatch_percent,8,0.02074836160168662,0.009092741419168394,0.022304993454904085,0.0021009204165730357,0.0393958027868002,0.0005503772243415077,0.005591821890877929,0.039460597706073824,0.052887267710928734,0.05888254783880666,0.00014623949062927407
0.5,exact_efim,centroid_magnitude_hz,8,3598.874248360425,2836.6207245723454,2502.2037003571068,1506.9796046826032,5690.768892038247,610.388987133952,2141.5024102001976,5919.584023688715,6832.809931704624,7232.771624744733,360.34309723919915
0.5,exact_efim,rate_spectral_efficiency,8,317.20392413104855,318.8698713783171,9.116125969564768,309.58265209628047,324.82519616581664,304.12862918672613,311.8789274272526,324.29652304998126,327.0256280432236,328.1739896031631,304.09765968357556
0.5,exact_efim,ee_mbit_per_j,8,1.41729412970736,1.4247377236144585,0.04073162670012867,1.383241637614041,1.451346621800679,1.3588725990850972,1.3935015913695779,1.4489844654290414,1.4611783386944028,1.466309315700974,1.3587342248014496
0.5,exact_efim,dense_psl_db,8,-10.415581835240923,-10.468292608956741,0.1381543568719866,-10.5310817680002,-10.300081902481645,-10.525975226613255,-10.521316501388895,-10.361648147145466,-10.193453272964998,-10.143691237540423,-10.526447042019647
0.5,exact_efim,independently_evaluated_unknown_fim,8,2.342424408692669e+18,2.3424244127443707e+18,13695642577.195229,2.342424397242825e+18,2.3424244201425126e+18,2.3424243874845834e+18,2.3424244110575386e+18,2.3424244149031485e+18,2.3424244165383946e+18,2.3424244172420265e+18,2.3424243753006776e+18
0.5,exact_efim,physical_sensing_feasibility_rate,8,1.0,,,1.0,1.0,,,,,,
0.5,exact_efim,false_sensing_feasibility_rate,8,0.0,,,0.0,0.0,,,,,,
1.0,uniform,fim_mismatch_percent,8,0.0,0.0,0.0,0.0,0.0,0.0,0.0,0.0,0.0,0.0,0.0
1.0,uniform,centroid_magnitude_hz,8,0.0,0.0,0.0,0.0,0.0,0.0,0.0,0.0,0.0,0.0,0.0
1.0,uniform,rate_spectral_efficiency,8,311.69743644305987,307.8251562165011,7.765541057568334,305.2052816511582,318.18959123496154,305.57472862139747,306.79520617280775,314.3987280218793,324.3984072185607,326.1800147845909,304.9885511571199
1.0,uniform,ee_mbit_per_j,8,1.3926906734689908,1.3753889958609626,0.03469709834232652,1.3636831733349621,1.4216981736030194,1.3653338938402866,1.3707870914104174,1.4047602741403118,1.4494396918276116,1.4574000660588102,1.3627148030424505
1.0,uniform,dense_psl_db,8,-13.256466474732292,-13.256466474732292,0.0,-13.256466474732292,-13.256466474732292,-13.256466474732292,-13.256466474732292,-13.256466474732292,-13.256466474732292,-13.256466474732292,-13.256466474732292
1.0,uniform,independently_evaluated_unknown_fim,8,2.0255998281153943e+18,2.0255998281153943e+18,0.0,2.0255998281153943e+18,2.0255998281153943e+18,2.0255998281153943e+18,2.0255998281153943e+18,2.0255998281153943e+18,2.0255998281153943e+18,2.0255998281153943e+18,2.0255998281153943e+18
1.0,uniform,physical_sensing_feasibility_rate,8,0.0,,,0.0,0.0,,,,,,
1.0,uniform,false_sensing_feasibility_rate,8,0.0,,,0.0,0.0,,,,,,
1.0,water_filling,fim_mismatch_percent,8,0.09440344695252252,0.03071207506689573,0.15288998941763646,-0.033415782908366706,0.22222267681341173,0.011174480752812757,0.02241259939049873,0.07395818949971344,0.3444858986965278,0.4610403591757725,0.009944707161308533
1.0,water_filling,centroid_magnitude_hz,8,6893.41250550366,4840.451454297843,5278.327071617813,2480.620642426682,11306.204368580638,2913.6883905885716,4033.7576000488984,7406.394034456051,15633.041853806062,18718.248527657863,2761.5746119058613
1.0,water_filling,rate_spectral_efficiency,8,312.90636713051936,309.4351656818418,7.332121937338337,306.7765597909643,319.0361744700744,307.02413606760393,308.28367603074406,315.34447684820435,324.9181211706194,326.70065168914317,306.7565184807752
1.0,water_filling,ee_mbit_per_j,8,1.3980922786679078,1.3825826551737923,0.03276054482655714,1.370703777788918,1.4254807795468976,1.3718099696633663,1.3774377014133752,1.4089859603851471,1.451761817996265,1.4597263160574256,1.3706142315095076
1.0,water_filling,dense_psl_db,8,-13.352925819154638,-13.379028987654818,0.3709067284522964,-13.663011604113988,-13.042840034195288,-13.868052488948768,-13.484565340604027,-13.128665525952892,-12.896285636720059,-12.814602285167611,-14.059731545606358
1.0,water_filling,independently_evaluated_unknown_fim,8,2.00637143334123e+18,2.0178618249552886e+18,3.286079149651713e+16,1.97889912414883e+18,2.0338437425336302e+18,1.954105157409069e+18,2.0005775775488218e+18,2.023559326841879e+18,2.033125005377896e+18,2.0372289822386447e+18,1.9317381540040899e+18
1.0,water_filling,physical_sensing_feasibility_rate,8,0.0,,,0.0,0.0,,,,,,
1.0,water_filling,false_sensing_feasibility_rate,8,0.0,,,0.0,0.0,,,,,,
1.0,conventional_s2,fim_mismatch_percent,8,0.09317617146977313,0.03731434163871067,0.14865222827458335,-0.031100201414654263,0.21745254435420053,0.01087343338090021,0.020109398070472517,0.0752524728512952,0.33231955416379605,0.45176822063360134,0.010523265266662179
1.0,conventional_s2,centroid_magnitude_hz,8,7449.384894331628,5690.648472536026,5579.38753872166,2784.9001820802196,12113.869606583037,3106.4451701895127,4186.861129004292,8108.101842538364,16484.931163788053,20028.17581327885,3056.7422189405347
1.0,conventional_s2,rate_spectral_efficiency,8,311.64948804009646,307.92567868681317,7.354865610859852,305.5006665136427,317.7983095665502,305.88175746075814,307.07740913090527,314.2319205745768,323.7016185530557,325.5377145010465,305.614442782154
1.0,conventional_s2,ee_mbit_per_j,8,1.3924764367237714,1.3758381394530041,0.03286216547180064,1.3650029788592886,1.4199498945882543,1.3667057257648456,1.3720479991354408,1.4040149650724514,1.4463263815541412,1.4545302145902577,1.3655113410123498
1.0,conventional_s2,dense_psl_db,8,-10.476037894792395,-10.483665729715261,0.18325927278393045,-10.629246480922406,-10.322829308662383,-10.70080380198836,-10.610887213930763,-10.34956809179999,-10.231648189337427,-10.171271680123867,-10.734812827158372
1.0,conventional_s2,independently_evaluated_unknown_fim,8,2.3402418320932055e+18,2.341550353238393e+18,3482066122839589.0,2.3373307519640136e+18,2.3431529122223974e+18,2.3346400790354877e+18,2.3406616809656013e+18,2.3419533661032904e+18,2.3421697117261614e+18,2.3421779141837916e+18,2.331842084365985e+18
1.0,conventional_s2,physical_sensing_feasibility_rate,8,0.0,,,0.0,0.0,,,,,,
1.0,conventional_s2,false_sensing_feasibility_rate,8,1.0,,,1.0,1.0,,,,,,
1.0,exact_efim,fim_mismatch_percent,8,0.04056534389875132,0.017399274239673412,0.06468153423187316,-0.013509771962202995,0.09464045975970564,0.004831958088786599,0.009137526269071782,0.029777804233752543,0.1451843029131715,0.19645982465653056,0.004754462790163407
1.0,exact_efim,centroid_magnitude_hz,8,4922.078549780308,3877.955866877828,3678.286232206894,1846.9543039128225,7997.202795647794,2071.2373565638654,2818.3339923629637,5058.900991079206,10924.970543635098,13220.487162029083,2054.681955994209
1.0,exact_efim,rate_spectral_efficiency,8,311.6391553262649,307.9211854641802,7.360300894067127,305.48578978933494,317.7925208631949,305.87570626059227,307.0371686047706,314.227662908298,323.6994609025981,325.53511151372436,305.61162120159463
1.0,exact_efim,ee_mbit_per_j,8,1.3924302693106423,1.375818063378674,0.03288645086137815,1.3649365083523828,1.4199240302689018,1.3666786884702746,1.3718682009849497,1.403995941458775,1.446316741163426,1.4545185843839754,1.365498733913767
1.0,exact_efim,dense_psl_db,8,-10.470108039093546,-10.479878938384623,0.1862694228435386,-10.625833173650635,-10.314382904536457,-10.69839893411859,-10.610011619873148,-10.333883615745028,-10.224095326026772,-10.16875786556177,-10.732362503950593
1.0,exact_efim,independently_evaluated_unknown_fim,8,2.3424244101570406e+18,2.3424244099127076e+18,871651296.0092473,2.342424409428322e+18,2.3424244108857595e+18,2.3424244092492283e+18,2.3424244097854275e+18,2.3424244104425836e+18,2.3424244114768015e+18,2.3424244120027704e+18,2.3424244090725043e+18
1.0,exact_efim,physical_sensing_feasibility_rate,8,1.0,,,1.0,1.0,,,,,,
1.0,exact_efim,false_sensing_feasibility_rate,8,0.0,,,0.0,0.0,,,,,,
1.5,uniform,fim_mismatch_percent,8,0.0,0.0,0.0,0.0,0.0,0.0,0.0,0.0,0.0,0.0,0.0
1.5,uniform,centroid_magnitude_hz,8,0.0,0.0,0.0,0.0,0.0,0.0,0.0,0.0,0.0,0.0,0.0
1.5,uniform,rate_spectral_efficiency,8,321.38612911195287,322.63234418971285,6.912204746119239,315.607381329609,327.16487689429675,311.37017309004113,320.1652904914368,323.3527144367516,329.047705761918,331.7058100549723,306.87580139052744
1.5,uniform,ee_mbit_per_j,8,1.4359805768831935,1.441548771911483,0.03088431907840509,1.4101606399833593,1.4618005137830277,1.391228432955503,1.4305257660255688,1.4447674474833583,1.4702131534043146,1.4820897896073228,1.3711471977023566
1.5,uniform,dense_psl_db,8,-13.256466474732292,-13.256466474732292,0.0,-13.256466474732292,-13.256466474732292,-13.256466474732292,-13.256466474732292,-13.256466474732292,-13.256466474732292,-13.256466474732292,-13.256466474732292
1.5,uniform,independently_evaluated_unknown_fim,8,2.0255998281153943e+18,2.0255998281153943e+18,0.0,2.0255998281153943e+18,2.0255998281153943e+18,2.0255998281153943e+18,2.0255998281153943e+18,2.0255998281153943e+18,2.0255998281153943e+18,2.0255998281153943e+18,2.0255998281153943e+18
1.5,uniform,physical_sensing_feasibility_rate,8,0.0,,,0.0,0.0,,,,,,
1.5,uniform,false_sensing_feasibility_rate,8,0.0,,,0.0,0.0,,,,,,
1.5,water_filling,fim_mismatch_percent,8,0.10997182211496284,0.06849418251183116,0.07711108543030919,0.04550534140564837,0.1744383028242773,0.04354401871022018,0.05641169563373831,0.16619915344384797,0.22576477757382954,0.23916300927258657,0.04222602587092487
1.5,water_filling,centroid_magnitude_hz,8,8653.445420558239,7247.564261095427,3031.982051089489,6118.644991841662,11188.245849274816,5768.134938135676,6514.267773631496,11078.881365307567,13028.91617626133,13363.245415521447,5658.572340158081
1.5,water_filling,rate_spectral_efficiency,8,322.47147370617654,323.3034697451454,6.45173750656484,317.0776861698252,327.8652612425279,313.02393505937533,321.89361380100013,324.465731931267,329.57003988246714,332.1537817959612,308.91798317116394
1.5,water_filling,ee_mbit_per_j,8,1.4408299888998468,1.4445474180102431,0.028826912263040027,1.4167300871419612,1.4649298906577324,1.3986175821804727,1.438248061663544,1.4497405043742897,1.4725469867081087,1.4840913654703076,1.3802718397014
1.5,water_filling,dense_psl_db,8,-13.293536798222611,-13.007248166069072,0.6163278678077244,-13.8087997902933,-12.778273806151923,-14.270531069160924,-13.59400820426422,-12.897360393209869,-12.765051969085738,-12.721546802703433,-14.512829823825225
1.5,water_filling,independently_evaluated_unknown_fim,8,1.996647813403558e+18,1.9910616969833958e+18,4.435725631618612e+16,1.9595642190971346e+18,2.0337314077099812e+18,1.9402585123066657e+18,1.97141844275962e+18,2.024527617242624e+18,2.0566361900809815e+18,2.063134165352271e+18,1.926873114062452e+18
1.5,water_filling,physical_sensing_feasibility_rate,8,0.0,,,0.0,0.0,,,,,,
1.5,water_filling,false_sensing_feasibility_rate,8,0.0,,,0.0,0.0,,,,,,
1.5,conventional_s2,fim_mismatch_percent,8,0.10741051424662248,0.06170322146801608,0.10243907992016668,0.021769300240865097,0.19305172825237987,0.03748795876383026,0.04786170305158577,0.11882063589757128,0.27858381964457407,0.3352485105369514,0.036060596490383144
1.5,conventional_s2,centroid_magnitude_hz,8,9026.162337037898,7388.157110708334,3985.5252844148217,5694.179815582902,12358.144858492895,5767.471940991926,6511.446874570603,10191.483970856141,15556.740413687134,17253.093855870233,5658.48292142865
1.5,conventional_s2,rate_spectral_efficiency,8,321.1174699615641,322.01492303063856,6.461291936868193,315.71569472158495,326.51924520154324,311.63896859108814,320.98565174143334,322.7469358553411,328.0774242632009,330.67280895440257,307.3391871706557
1.5,conventional_s2,ee_mbit_per_j,8,1.4347801857286941,1.4387900822769826,0.028869602293857464,1.4106445942119001,1.4589157772454882,1.3924294349593291,1.4341912106647932,1.4420607780577146,1.46587785401626,1.4774742536729284,1.3732176456203622
1.5,conventional_s2,dense_psl_db,8,-10.404131360149199,-10.382908031641048,0.28497355032023297,-10.64237521032801,-10.165887509970387,-10.788713935227806,-10.583129905122203,-10.215917431977495,-10.061555546350096,-10.05515684648179,-10.85927785867147
1.5,conventional_s2,independently_evaluated_unknown_fim,8,2.339908403463178e+18,2.3409790624039875e+18,2399558102486092.5,2.3379023226868337e+18,2.341914484239523e+18,2.335898798069161e+18,2.3396411297958984e+18,2.341303289216474e+18,2.341546286639073e+18,2.341579721589013e+18,2.334571470376855e+18
1.5,conventional_s2,physical_sensing_feasibility_rate,8,0.0,,,0.0,0.0,,,,,,
1.5,conventional_s2,false_sensing_feasibility_rate,8,1.0,,,1.0,1.0,,,,,,
1.5,exact_efim,fim_mismatch_percent,8,0.044583550667482624,0.028307656834051453,0.03986417932746996,0.011256262726119105,0.07791083860884615,0.016803788280444352,0.020090530391998693,0.04721958674279089,0.11174837184573609,0.12965472952019771,0.01547622242268361
1.5,exact_efim,centroid_magnitude_hz,8,5859.097133018715,4985.611363988433,2458.1108176899743,3804.06506174558,7914.12920429185,3857.5584041733377,4223.691951034507,6375.549807905321,9901.744668350442,10736.419250341583,3707.2309679857335
1.5,exact_efim,rate_spectral_efficiency,8,321.1049923064892,322.00654159888063,6.471003622017892,315.6950978945406,326.51488671843777,311.6111934095557,320.979320096838,322.7313300477776,328.0710885160462,330.66628870243346,307.2988154447904
1.5,exact_efim,ee_mbit_per_j,8,1.4347244345265393,1.4387526334404932,0.028912994834299523,1.410552565938093,1.4588963031149855,1.3923053332225261,1.4341629203263735,1.441991049987134,1.4658495451856883,1.477445120383162,1.3730372614466204
1.5,exact_efim,dense_psl_db,8,-10.39674985875498,-10.375045451927475,0.2872036407274454,-10.636858111171348,-10.156641606338612,-10.781629611512894,-10.580208115966336,-10.208957664058058,-10.051154968220297,-10.050313808231738,-10.850877739793873
1.5,exact_efim,independently_evaluated_unknown_fim,8,2.3424244098492344e+18,2.3424244107356426e+18,8957199440.716011,2.3424244023608284e+18,2.3424244173376404e+18,2.342424396860839e+18,2.342424409584498e+18,2.3424244124552095e+18,2.3424244193664804e+18,2.342424422213821e+18,2.3424243902722304e+18
1.5,exact_efim,physical_sensing_feasibility_rate,8,1.0,,,1.0,1.0,,,,,,
1.5,exact_efim,false_sensing_feasibility_rate,8,0.0,,,0.0,0.0,,,,,,
2.0,uniform,fim_mismatch_percent,8,0.0,0.0,0.0,0.0,0.0,0.0,0.0,0.0,0.0,0.0,0.0
2.0,uniform,centroid_magnitude_hz,8,0.0,0.0,0.0,0.0,0.0,0.0,0.0,0.0,0.0,0.0,0.0
2.0,uniform,rate_spectral_efficiency,8,303.8253354817502,299.01466025279797,13.649857241824774,292.41376925032586,315.2369017131745,287.9750381034594,296.48432732998765,314.23350376063195,322.90781838765423,325.27884908815344,284.9957308849232
2.0,uniform,ee_mbit_per_j,8,1.3575174564078196,1.336022950065693,0.06098872384645109,1.3065296072886896,1.4085053055269496,1.2866969787601377,1.3247172072190936,1.4040220380794195,1.4427796140724976,1.4533735810321748,1.273385180549657
2.0,uniform,dense_psl_db,8,-13.256466474732292,-13.256466474732292,0.0,-13.256466474732292,-13.256466474732292,-13.256466474732292,-13.256466474732292,-13.256466474732292,-13.256466474732292,-13.256466474732292,-13.256466474732292
2.0,uniform,independently_evaluated_unknown_fim,8,2.0255998281153943e+18,2.0255998281153943e+18,0.0,2.0255998281153943e+18,2.0255998281153943e+18,2.0255998281153943e+18,2.0255998281153943e+18,2.0255998281153943e+18,2.0255998281153943e+18,2.0255998281153943e+18,2.0255998281153943e+18
2.0,uniform,physical_sensing_feasibility_rate,8,0.0,,,0.0,0.0,,,,,,
2.0,uniform,false_sensing_feasibility_rate,8,0.0,,,0.0,0.0,,,,,,
2.0,water_filling,fim_mismatch_percent,8,0.509980882001645,0.3853660206737239,0.39719708970998546,0.17791580499366394,0.8420459590096261,0.12452121481989537,0.2043232052280099,0.7403826256378503,1.1090847816849627,1.162811399858024,0.09810616343366645
2.0,water_filling,centroid_magnitude_hz,8,18236.960660358764,16992.25577646592,7573.59545064245,11905.276411662075,24568.644909055452,9603.330385890666,12413.982194073607,23529.46060483467,28724.76186811808,29268.246417892773,8612.841622322847
2.0,water_filling,rate_spectral_efficiency,8,305.7784741391085,301.6487128195483,13.09578053512461,294.8301276266732,316.7268206515438,289.85295300868034,299.277878565731,315.894574405929,323.69587676150843,325.82412956875885,287.22470184420774
2.0,water_filling,ee_mbit_per_j,8,1.3662442461537714,1.3477921211090882,0.05851306196520383,1.3173261021622453,1.4151623901452974,1.295087662379602,1.3371990318899698,1.411443843090726,1.4463007259554073,1.455809940625343,1.2833444124962503
2.0,water_filling,dense_psl_db,8,-13.655620240635727,-13.606152111927454,0.6499813567215541,-14.19901825352421,-13.112222227747244,-14.469619530634485,-14.16701919188895,-13.263000436130532,-12.801496474476373,-12.64751438299867,-14.59236122962743
2.0,water_filling,independently_evaluated_unknown_fim,8,1.978291484451329e+18,1.9870745262632694e+18,3.891769314369427e+16,1.9457554787616353e+18,2.0108274901410227e+18,1.9240373468472435e+18,1.9623996863182144e+18,1.991127121482001e+18,2.02659976510533e+18,2.0447870126531236e+18,1.9208921496954757e+18
2.0,water_filling,physical_sensing_feasibility_rate,8,0.0,,,0.0,0.0,,,,,,
2.0,water_filling,false_sensing_feasibility_rate,8,0.0,,,0.0,0.0,,,,,,
2.0,conventional_s2,fim_mismatch_percent,8,0.510108122374674,0.3562722505150335,0.4091814205292743,0.1680238940700356,0.8521923506793123,0.11866732306469577,0.18450833801018773,0.8457965380505446,1.088580860021015,1.197207299003677,0.08353946415934749
2.0,conventional_s2,centroid_magnitude_hz,8,19673.731031591742,17672.862765186335,8676.56923429054,12419.937623756166,26927.524439427318,10070.603991420348,12799.451554707784,27401.513257755396,31013.923106213042,32603.801044012376,8612.503252931274
2.0,conventional_s2,rate_spectral_efficiency,8,304.38786612857245,300.4080090271467,13.013750807831942,293.5080981843494,315.2676340727955,288.6202501705639,297.74049293496665,314.18137752406346,322.31877665749636,324.44734343901507,285.82231966403356
2.0,conventional_s2,ee_mbit_per_j,8,1.360030891804943,1.3422485515427214,0.05814654599820293,1.311419162829941,1.4086426207799452,1.28957984195225,1.3303298628320634,1.4037891341755386,1.440147725813423,1.449658343392725,1.2770784502880022
2.0,conventional_s2,dense_psl_db,8,-10.562989685145215,-10.592686517499029,0.28279475623096667,-10.799412017881478,-10.326567352408953,-10.90016724606719,-10.745948729343125,-10.40573399798735,-10.17055521710276,-10.112835655443103,-10.964480649079746
2.0,conventional_s2,independently_evaluated_unknown_fim,8,2.330475516353325e+18,2.334079005288413e+18,9584765592984380.0,2.3224624517886735e+18,2.3384885809179766e+18,2.316925229649952e+18,2.3226122688457825e+18,2.338102445358204e+18,2.339644721313451e+18,2.340467564999722e+18,2.314380737200766e+18
2.0,conventional_s2,physical_sensing_feasibility_rate,8,0.0,,,0.0,0.0,,,,,,
2.0,conventional_s2,false_sensing_feasibility_rate,8,1.0,,,1.0,1.0,,,,,,
2.0,exact_efim,fim_mismatch_percent,8,0.20476236207313747,0.14683335754182048,0.1558396678649171,0.0744771393182414,0.33504758482803354,0.04996586217319765,0.07832815301910623,0.3464489806384883,0.41749490918045046,0.43646144797692676,0.03536150902866139
2.0,exact_efim,centroid_magnitude_hz,8,12565.49828606861,11413.829278107041,5289.454987193631,8143.403252756119,16987.5933193811,6539.595630657966,8342.728331377615,17561.872907424717,19284.432310468987,19729.057520034596,5604.35647046795
2.0,exact_efim,rate_spectral_efficiency,8,304.32907146724983,300.35092958130446,13.039287232211661,293.4279545379817,315.230188396518,288.5479340489438,297.6238586746137,314.1352027324705,322.3047948039621,324.43755560656734,285.7260262797147
2.0,exact_efim,ee_mbit_per_j,8,1.359768192392777,1.3419935158566378,0.05826064509769534,1.31106107418346,1.4084753106020937,1.2892567273523812,1.3298087308658286,1.4035828215641755,1.4400852541069826,1.4496146108570196,1.276648203224369
2.0,exact_efim,dense_psl_db,8,-10.528297513269656,-10.561786833240607,0.2842964943574766,-10.76597533049849,-10.290619696040823,-10.871102934423162,-10.691166052592546,-10.395958437189215,-10.122292291913759,-10.050440318329596,-10.952831588504297
2.0,exact_efim,independently_evaluated_unknown_fim,8,2.3424244037597937e+18,2.3424244105272346e+18,19097897528.87052,2.342424387793552e+18,2.3424244197260355e+18,2.3424243747541427e+18,2.3424244091225933e+18,2.342424411198471e+18,2.3424244118268273e+18,2.3424244119632993e+18,2.342424356582122e+18
2.0,exact_efim,physical_sensing_feasibility_rate,8,1.0,,,1.0,1.0,,,,,,
2.0,exact_efim,false_sensing_feasibility_rate,8,0.0,,,0.0,0.0,,,,,,
3.0,uniform,fim_mismatch_percent,8,0.0,0.0,0.0,0.0,0.0,0.0,0.0,0.0,0.0,0.0,0.0
3.0,uniform,centroid_magnitude_hz,8,0.0,0.0,0.0,0.0,0.0,0.0,0.0,0.0,0.0,0.0,0.0
3.0,uniform,rate_spectral_efficiency,8,298.5975115360235,298.6099067863471,8.547181320744059,291.4518891309188,305.7431339411282,289.2433235886754,290.3163471687981,304.17416681382167,310.25837299963604,311.376479479815,289.23080092427506
3.0,uniform,ee_mbit_per_j,8,1.3341590940971262,1.334214477130487,0.038189533560771344,1.3022318450530412,1.3660863431412111,1.2923637862472732,1.2971581469244169,1.3590760644872886,1.386260815530289,1.3912566104417265,1.2923078339169738
3.0,uniform,dense_psl_db,8,-13.256466474732292,-13.256466474732292,0.0,-13.256466474732292,-13.256466474732292,-13.256466474732292,-13.256466474732292,-13.256466474732292,-13.256466474732292,-13.256466474732292,-13.256466474732292
3.0,uniform,independently_evaluated_unknown_fim,8,2.0255998281153943e+18,2.0255998281153943e+18,0.0,2.0255998281153943e+18,2.0255998281153943e+18,2.0255998281153943e+18,2.0255998281153943e+18,2.0255998281153943e+18,2.0255998281153943e+18,2.0255998281153943e+18,2.0255998281153943e+18
3.0,uniform,physical_sensing_feasibility_rate,8,0.0,,,0.0,0.0,,,,,,
3.0,uniform,false_sensing_feasibility_rate,8,0.0,,,0.0,0.0,,,,,,
3.0,water_filling,fim_mismatch_percent,8,0.9585047052611315,0.9159717996635257,0.6428879927423417,0.42103689306400405,1.495972517458259,0.1598653159310395,0.6363362348154826,1.1882156620230533,1.896669525640911,2.139104234556285,0.019070140714719953
3.0,water_filling,centroid_magnitude_hz,8,24647.45384746912,26201.440094120167,10518.36469389764,15853.880902039402,33441.02679289884,8691.503989997116,21695.46337565609,29571.687872175808,36755.003620033596,38825.34232626213,3780.413057489191
3.0,water_filling,rate_spectral_efficiency,8,300.61321576653984,300.39525866387504,8.542341100601279,293.4716398867398,307.75479164633987,291.5792351177421,292.0621045553038,306.29886280285905,312.24336334998276,312.7340639611187,291.38426400720454
3.0,water_filling,ee_mbit_per_j,8,1.3431654321486028,1.342191581264764,0.0381679070458012,1.311256263323495,1.3750746009737107,1.302800837759605,1.30495833950196,1.3685693869920736,1.3951299213518138,1.397322413444209,1.30192969024469
3.0,water_filling,dense_psl_db,8,-13.925537410721958,-14.241500147423242,0.7338494771014139,-14.539050926905764,-13.312023894538152,-14.731772523339103,-14.323676518960806,-13.343807446551706,-12.904413433170532,-12.81307398087442,-14.944868116170223
3.0,water_filling,independently_evaluated_unknown_fim,8,1.9391614243417754e+18,1.9511610784013082e+18,5.263742430246895e+16,1.8951554363642112e+18,1.9831674123193395e+18,1.8535948434299502e+18,1.9379352729204352e+18,1.9752106819440502e+18,1.977644703893911e+18,1.978154630604582e+18,1.8193082959147643e+18
3.0,water_filling,physical_sensing_feasibility_rate,8,0.0,,,0.0,0.0,,,,,,
3.0,water_filling,false_sensing_feasibility_rate,8,0.0,,,0.0,0.0,,,,,,
3.0,conventional_s2,fim_mismatch_percent,8,0.811778470402283,0.7644257294288836,0.5556545310673732,0.34723965723161276,1.2763172835729533,0.13206783627234217,0.5255819432872076,1.0338729741952677,1.6156203095446673,1.857118895432292,0.0027533306915582902
3.0,conventional_s2,centroid_magnitude_hz,8,24612.27541816703,26043.650415505646,11465.18085851329,15027.144350181428,34197.406486152635,7379.184975144678,21516.415648617447,30278.074826776276,37661.7439791703,40607.2342429925,1563.5534935674868
3.0,conventional_s2,rate_spectral_efficiency,8,299.04373623129123,298.4729691084769,8.422402846114974,292.0024312415455,306.085041221037,290.24953140582045,290.75987902140855,304.7289125405211,310.64532729340107,311.18697194507524,290.01253353532354
3.0,conventional_s2,ee_mbit_per_j,8,1.3361528644834393,1.333602628495373,0.037632012779554636,1.304691714476695,1.3676140144901836,1.2968596086665813,1.2991398855645302,1.361554715951675,1.387989760818702,1.390409875123634,1.2958006819669603
3.0,conventional_s2,dense_psl_db,8,-10.607247728777455,-10.773416214541179,0.3613809407325866,-10.909369755908124,-10.305125701646787,-10.939852677215075,-10.841359901913723,-10.404073868110123,-10.044920061459276,-9.972843879299758,-10.972939657452015
3.0,conventional_s2,independently_evaluated_unknown_fim,8,2.3234091165687613e+18,2.3245183188682476e+18,1.3015787470844738e+16,2.312527645931649e+18,2.3342905872058737e+18,2.3045797289315901e+18,2.3182067206574126e+18,2.3301130538989486e+18,2.3393308243925504e+18,2.342359918978441e+18,2.2989228069131988e+18
3.0,conventional_s2,physical_sensing_feasibility_rate,8,0.0,,,0.0,0.0,,,,,,
3.0,conventional_s2,false_sensing_feasibility_rate,8,1.0,,,1.0,1.0,,,,,,
3.0,exact_efim,fim_mismatch_percent,8,0.2987624443554757,0.30857909407477563,0.17593048631474614,0.15168087704385835,0.4458440116670931,0.05447218117219452,0.20965250358783513,0.39083191102552645,0.526040825982884,0.5593973973036834,0.0010656416559015965
3.0,exact_efim,centroid_magnitude_hz,8,15099.52692489376,16556.683336922673,6617.275731558022,9567.345969118702,20631.70788066882,4723.560135973031,13613.175479077416,18639.42212823147,21648.357624424665,22349.195931974136,972.728105857349
3.0,exact_efim,rate_spectral_efficiency,8,298.95047964355587,298.32642596885603,8.437300597270005,291.8967198221593,306.00423946495243,290.1364790259462,290.7077986264435,304.6380930677135,310.60464843371557,311.18664525384054,289.8852300256465
3.0,exact_efim,ee_mbit_per_j,8,1.335736186273619,1.3329478613958576,0.0376985771784852,1.3042193870367331,1.367252985510505,1.29635448147515,1.298907185698685,1.3611489271855093,1.387808004274476,1.390408415510395,1.295231879569706
3.0,exact_efim,dense_psl_db,8,-10.565135004060634,-10.734583806699401,0.34406509839154614,-10.852780624718552,-10.277489383402717,-10.879706958563414,-10.761333161665487,-10.39278306126148,-10.021224163643167,-9.936859796345534,-10.915607869535773
3.0,exact_efim,independently_evaluated_unknown_fim,8,2.3424244112671857e+18,2.3424244103642097e+18,3525973284.6036777,2.3424244083193984e+18,2.342424414214973e+18,2.3424244082625423e+18,2.3424244097212585e+18,2.342424411443438e+18,2.3424244168044073e+18,2.3424244193899576e+18,2.3424244081498644e+18
3.0,exact_efim,physical_sensing_feasibility_rate,8,1.0,,,1.0,1.0,,,,,,
3.0,exact_efim,false_sensing_feasibility_rate,8,0.0,,,0.0,0.0,,,,,,
4.0,uniform,fim_mismatch_percent,8,0.0,0.0,0.0,0.0,0.0,0.0,0.0,0.0,0.0,0.0,0.0
4.0,uniform,centroid_magnitude_hz,8,0.0,0.0,0.0,0.0,0.0,0.0,0.0,0.0,0.0,0.0,0.0
4.0,uniform,rate_spectral_efficiency,8,284.74933353440355,287.08858241911275,10.766237946558629,275.7485333638368,293.75013370497027,269.35557104660313,277.3405757136461,294.4743235607296,294.9167416681175,295.02953982825784,265.2788833905985
4.0,uniform,ee_mbit_per_j,8,1.2722842562175478,1.2827362193194398,0.04810446742079387,1.2320679150299094,1.3125005974051862,1.2035036153146097,1.2391812957418231,1.315736339313898,1.3177131010703123,1.3182170928496626,1.18528862791544
4.0,uniform,dense_psl_db,8,-13.256466474732292,-13.256466474732292,0.0,-13.256466474732292,-13.256466474732292,-13.256466474732292,-13.256466474732292,-13.256466474732292,-13.256466474732292,-13.256466474732292,-13.256466474732292
4.0,uniform,independently_evaluated_unknown_fim,8,2.0255998281153943e+18,2.0255998281153943e+18,0.0,2.0255998281153943e+18,2.0255998281153943e+18,2.0255998281153943e+18,2.0255998281153943e+18,2.0255998281153943e+18,2.0255998281153943e+18,2.0255998281153943e+18,2.0255998281153943e+18
4.0,uniform,physical_sensing_feasibility_rate,8,0.0,,,0.0,0.0,,,,,,
4.0,uniform,false_sensing_feasibility_rate,8,0.0,,,0.0,0.0,,,,,,
4.0,water_filling,fim_mismatch_percent,8,3.384958181437989,2.7475303409931238,1.4576357044944102,2.166344236366199,4.603572126509779,2.266570531325371,2.394427404975879,3.7776823108400075,5.7753198584775856,6.0300169946132405,2.213580500405178
4.0,water_filling,centroid_magnitude_hz,8,47350.894160348864,42899.75661166315,9530.669335748762,39383.055198528156,55318.73312216957,39766.485245313,41038.87709513416,50794.443435645095,62629.31881401428,63469.28275741151,39331.656439819235
4.0,water_filling,rate_spectral_efficiency,8,289.2900463826096,290.13594263028386,10.194348179295767,280.7673580223406,297.8127347428786,274.9199836199826,283.1235875507526,298.70254197841126,299.4791779144613,299.49233486360583,270.9236424139659
4.0,water_filling,ee_mbit_per_j,8,1.2925725476672119,1.2963520840930232,0.04554921526932939,1.254492450738237,1.3306526445961868,1.2283658842598175,1.2650202848008516,1.3346283790524964,1.338098454512226,1.338157240881031,1.210509891637141
4.0,water_filling,dense_psl_db,8,-15.429258136574738,-15.281140600432346,1.3448524971458669,-16.553582960694644,-14.304933312454832,-17.13593093631837,-16.486449597988337,-14.592832611076895,-13.68510127763637,-13.314846221607013,-17.23589951551675
4.0,water_filling,independently_evaluated_unknown_fim,8,1.751887692720388e+18,1.7542887963378406e+18,5.4357285831120664e+16,1.7064438645225649e+18,1.7973315209182113e+18,1.6713924464048353e+18,1.7281041855219804e+18,1.7954457731582246e+18,1.812221385843218e+18,1.8172528149599434e+18,1.656137025466452e+18
4.0,water_filling,physical_sensing_feasibility_rate,8,0.0,,,0.0,0.0,,,,,,
4.0,water_filling,false_sensing_feasibility_rate,8,0.0,,,0.0,0.0,,,,,,
4.0,conventional_s2,fim_mismatch_percent,8,3.5420980632665784,3.491964964972266,1.2536719877716496,2.494002052628372,4.590194073904785,2.2940951342751426,2.5264136544099967,3.8237072049417438,5.49457528359099,5.971236247321975,2.2168146879868402
4.0,conventional_s2,centroid_magnitude_hz,8,55364.130660650975,55680.16320200618,9553.700361678848,47377.03727930612,63351.22404199583,45120.75890856992,47360.160145238944,58171.03081158466,69720.07563395289,72814.13310188745,44365.79329548642
4.0,conventional_s2,rate_spectral_efficiency,8,286.50611706749544,287.23188137946977,9.904821063882618,278.2254794330909,294.78675470189995,272.72471174302854,280.1852422143348,295.9764093594933,296.37039511111595,296.5680638431264,268.8403099231672
4.0,conventional_s2,ee_mbit_per_j,8,1.2801337150192917,1.283376491754928,0.044255583586645615,1.2431351212419235,1.31713230879666,1.2185572229651231,1.2518915081784372,1.3224477869910034,1.3242081490064246,1.3250913498003045,1.2012013850141388
4.0,conventional_s2,dense_psl_db,8,-10.877392892463963,-11.033244976983013,0.5875602324562125,-11.368605539514974,-10.386180245412952,-11.499591239509886,-11.31092234844517,-10.450564296560128,-10.046728641611463,-9.845177332608767,-11.5885635482598
4.0,conventional_s2,independently_evaluated_unknown_fim,8,2.259453443686608e+18,2.260627773551015e+18,2.9366318664193596e+16,2.234902586892097e+18,2.2840043004811187e+18,2.2137181407259543e+18,2.2528569623116462e+18,2.2832450833257457e+18,2.288686968923975e+18,2.290497204854557e+18,2.2025527178727747e+18
4.0,conventional_s2,physical_sensing_feasibility_rate,8,0.0,,,0.0,0.0,,,,,,
4.0,conventional_s2,false_sensing_feasibility_rate,8,1.0,,,1.0,1.0,,,,,,
4.0,exact_efim,fim_mismatch_percent,8,0.9115615147288576,0.8036383910352255,0.3009574450449603,0.6599547941510467,1.1631682353066686,0.648296954021638,0.7307954339075033,0.9816326223284981,1.3910830767331477,1.40629988488696,0.6204330658792155
4.0,exact_efim,centroid_magnitude_hz,8,28278.18679732173,26819.14406741959,4522.5119734044965,24497.2721692347,32059.10142540876,24060.364770577464,25564.786589949348,29504.625829244815,35390.78713927777,35587.538001023655,23544.120601620016
4.0,exact_efim,rate_spectral_efficiency,8,286.07557087197563,286.8645129049668,9.943319723787857,277.7627475524356,294.38839419151566,272.2628089374426,279.62733750722657,295.5515300136286,295.98188648073807,296.1456701471026,268.3362784184725
4.0,exact_efim,ee_mbit_per_j,8,1.2782099981876605,1.2817350584811547,0.0444275987960608,1.2410675960963826,1.3153524002789383,1.2164934022142542,1.249398742674586,1.32054939014761,1.3224722593256897,1.3232040585588245,1.1989493297013352
4.0,exact_efim,dense_psl_db,8,-10.784076653537724,-10.884097633367421,0.5395776094114508,-11.235174823848642,-10.332978483226807,-11.410398653804162,-11.162667641452545,-10.361537297882048,-10.055213127765771,-9.895812136203672,-11.446074338048348
4.0,exact_efim,independently_evaluated_unknown_fim,8,2.342424409090307e+18,2.342424409482409e+18,2057093603.3212242,2.342424407370534e+18,2.34242441081008e+18,2.3424244058546847e+18,2.342424408783186e+18,2.342424410335524e+18,2.3424244109408824e+18,2.342424411134292e+18,2.342424404512943e+18
4.0,exact_efim,physical_sensing_feasibility_rate,8,1.0,,,1.0,1.0,,,,,,
4.0,exact_efim,false_sensing_feasibility_rate,8,0.0,,,0.0,0.0,,,,,,
5.0,uniform,fim_mismatch_percent,8,0.0,0.0,0.0,0.0,0.0,0.0,0.0,0.0,0.0,0.0,0.0
5.0,uniform,centroid_magnitude_hz,8,0.0,0.0,0.0,0.0,0.0,0.0,0.0,0.0,0.0,0.0,0.0
5.0,uniform,rate_spectral_efficiency,8,270.25515262663157,267.98328809203383,8.621000468961396,263.0478158692003,277.46248938406285,260.9589680307489,265.79405535291744,273.16419211675816,283.6821471643717,285.39581122397203,260.3857878854391
5.0,uniform,ee_mbit_per_j,8,1.2075230223743114,1.1973721382835554,0.03851936379748713,1.175320028351746,1.2397260163968769,1.165986878435261,1.1875904600875034,1.2205208583940257,1.2675159766918735,1.2751727735539176,1.1634258607647276
5.0,uniform,dense_psl_db,8,-13.256466474732292,-13.256466474732292,0.0,-13.256466474732292,-13.256466474732292,-13.256466474732292,-13.256466474732292,-13.256466474732292,-13.256466474732292,-13.256466474732292,-13.256466474732292
5.0,uniform,independently_evaluated_unknown_fim,8,2.0255998281153943e+18,2.0255998281153943e+18,0.0,2.0255998281153943e+18,2.0255998281153943e+18,2.0255998281153943e+18,2.0255998281153943e+18,2.0255998281153943e+18,2.0255998281153943e+18,2.0255998281153943e+18,2.0255998281153943e+18
5.0,uniform,physical_sensing_feasibility_rate,8,0.0,,,0.0,0.0,,,,,,
5.0,uniform,false_sensing_feasibility_rate,8,0.0,,,0.0,0.0,,,,,,
5.0,water_filling,fim_mismatch_percent,8,8.764931653886462,8.323155336767805,2.5596406485359373,6.625018519856576,10.904844787916348,5.981043513703062,7.019967121459585,9.812578103836936,12.677688517602688,13.359739289162075,5.585171481208878
5.0,water_filling,centroid_magnitude_hz,8,74723.15809833215,73634.16495593879,10127.439616504234,66256.40669639302,83189.90950027127,63772.16520132654,67300.57889894544,78274.970760345,90110.06270028198,91869.69159923274,62240.08323158778
5.0,water_filling,rate_spectral_efficiency,8,277.14546709203887,275.74789871751057,7.803504333762891,270.621574206985,283.66935997709277,267.9385037385516,272.49857838328876,281.26916449998697,288.5005751918863,289.5507108258992,267.25593569852936
5.0,water_filling,ee_mbit_per_j,8,1.2383095338153005,1.232065079376568,0.03486672149108245,1.2091602251801192,1.2674588424504818,1.1971720379807071,1.2175468395843372,1.2567345647867358,1.2890451231971822,1.2937372185829228,1.1941222658872763
5.0,water_filling,dense_psl_db,8,-14.748145662496313,-14.891566213327216,0.8202076282152767,-15.433856399764569,-14.062434925228057,-15.754571457334823,-15.13498117448184,-14.390610978323835,-13.540808309449831,-13.346236534291794,-15.91157958776973
5.0,water_filling,independently_evaluated_unknown_fim,8,1.5662746188591805e+18,1.566021059457299e+18,8.897314993844672e+16,1.4918912040473418e+18,1.6406580336710193e+18,1.4520445905461926e+18,1.5251972177762616e+18,1.5981630558062026e+18,1.6920831465484442e+18,1.7275972327760655e+18,1.4439919018156762e+18
5.0,water_filling,physical_sensing_feasibility_rate,8,0.0,,,0.0,0.0,,,,,,
5.0,water_filling,false_sensing_feasibility_rate,8,0.0,,,0.0,0.0,,,,,,
5.0,conventional_s2,fim_mismatch_percent,8,10.199526252303961,9.515664558274691,3.0916672944054038,7.61482771146272,12.784224793145203,6.431412366994622,8.38311926808965,12.430907121452433,14.476930865226414,15.047222295043651,6.005571556254654
5.0,conventional_s2,centroid_magnitude_hz,8,94197.67262844183,91918.53531790304,14462.624527599459,82106.61594169366,106288.72931519,75492.81001958772,86202.81161832932,105032.51090900056,113334.59032447462,115587.72732734054,73023.17793294525
5.0,conventional_s2,rate_spectral_efficiency,8,273.4977116723521,272.14420944609464,8.341359920124312,266.52416026428466,280.4712630804196,263.6630123268233,268.638164719049,277.6456160405518,285.66911175127984,287.017910245514,263.31650178923945
5.0,conventional_s2,ee_mbit_per_j,8,1.2220110526598305,1.2159634893008855,0.03726990611314637,1.190852631402065,1.2531694739175958,1.178068778883128,1.2002981835121769,1.2405442424569417,1.276393904211862,1.282420450640665,1.1765205403034509
5.0,conventional_s2,dense_psl_db,8,-11.037721354181993,-11.001340640905426,0.38237979553389245,-11.357398863256819,-10.718043845107168,-11.454261672901088,-11.430263664118996,-10.756183029128152,-10.56334606808254,-10.464196790924225,-11.464590502219476
5.0,conventional_s2,independently_evaluated_unknown_fim,8,2.10350822040398e+18,2.119527163867764e+18,7.241996939000986e+16,2.0429636108501486e+18,2.1640528299578115e+18,2.0033132506454346e+18,2.0512398102020316e+18,2.1460561805852221e+18,2.1917734399539876e+18,2.2017484391671388e+18,1.989954604952346e+18
5.0,conventional_s2,physical_sensing_feasibility_rate,8,0.0,,,0.0,0.0,,,,,,
5.0,conventional_s2,false_sensing_feasibility_rate,8,1.0,,,1.0,1.0,,,,,,
5.0,exact_efim,fim_mismatch_percent,8,1.8587343802607432,1.6979277290761445,0.44785628630137414,1.4843171550294088,2.2331516054920777,1.3674922037236998,1.5646791177563166,2.224654405683123,2.481572172469828,2.532959639659052,1.2889408486286758
5.0,exact_efim,centroid_magnitude_hz,8,40762.09455558451,39160.47163685982,4984.779261996211,36594.71480284977,44929.47430831925,35060.640048633184,37566.58184710379,44937.76081169126,47529.399445037256,48036.21739489146,34050.00212570726
5.0,exact_efim,rate_spectral_efficiency,8,272.3205437627487,270.77817961002154,8.524342746907028,265.1940148831919,279.44707264230544,262.2788255439029,267.64427418703406,276.30121790994093,284.8924924878268,286.3054463111706,261.726291981553
5.0,exact_efim,ee_mbit_per_j,8,1.216751366282112,1.209859951890574,0.038087488901141414,1.1849094287084183,1.2485933038558055,1.1718841146325503,1.19585739609557,1.2345373569086426,1.272923903259965,1.2792371011945525,1.1694153475710212
5.0,exact_efim,dense_psl_db,8,-10.860652733785322,-10.835831507288056,0.4037889152028641,-11.198228714817082,-10.523076752753562,-11.35098224481643,-11.140127604503189,-10.698926755421793,-10.287822755071197,-10.144894688576345,-11.367302532137415
5.0,exact_efim,independently_evaluated_unknown_fim,8,2.3424244089772134e+18,2.3424244098450463e+18,4426332504.317856,2.342424405276707e+18,2.34242441267772e+18,2.3424244023752924e+18,2.3424244075780997e+18,2.3424244107542856e+18,2.3424244142573624e+18,2.3424244158536494e+18,2.342424400932967e+18
5.0,exact_efim,physical_sensing_feasibility_rate,8,1.0,,,1.0,1.0,,,,,,
5.0,exact_efim,false_sensing_feasibility_rate,8,0.0,,,0.0,0.0,,,,,,
6.0,uniform,fim_mismatch_percent,8,0.0,0.0,0.0,0.0,0.0,0.0,0.0,0.0,0.0,0.0,0.0
6.0,uniform,centroid_magnitude_hz,8,0.0,0.0,0.0,0.0,0.0,0.0,0.0,0.0,0.0,0.0,0.0
6.0,uniform,rate_spectral_efficiency,8,255.8616749141176,253.51235247438154,12.329469194691178,245.55398071476674,266.16936911346846,241.02907258294107,247.7194500423335,265.9063992580222,272.11659651262136,275.041909871506,238.9796826454383
6.0,uniform,ee_mbit_per_j,8,1.1432117389779723,1.1327147663748962,0.05508911767840731,1.0971560840447028,1.189267393911242,1.0769384094131411,1.1068315852955326,1.1880924222166949,1.2158401120776698,1.2289106611280054,1.0677815607562138
6.0,uniform,dense_psl_db,8,-13.256466474732292,-13.256466474732292,0.0,-13.256466474732292,-13.256466474732292,-13.256466474732292,-13.256466474732292,-13.256466474732292,-13.256466474732292,-13.256466474732292,-13.256466474732292
6.0,uniform,independently_evaluated_unknown_fim,8,2.0255998281153943e+18,2.0255998281153943e+18,0.0,2.0255998281153943e+18,2.0255998281153943e+18,2.0255998281153943e+18,2.0255998281153943e+18,2.0255998281153943e+18,2.0255998281153943e+18,2.0255998281153943e+18,2.0255998281153943e+18
6.0,uniform,physical_sensing_feasibility_rate,8,0.0,,,0.0,0.0,,,,,,
6.0,uniform,false_sensing_feasibility_rate,8,0.0,,,0.0,0.0,,,,,,
6.0,water_filling,fim_mismatch_percent,8,13.718230520073085,12.827355139346857,3.151053908433045,11.083883527439987,16.352577512706183,11.089959296184794,12.227076177513696,13.657804154660905,18.884677320910882,20.830927691764494,10.738732801236635
6.0,water_filling,centroid_magnitude_hz,8,92168.22857087162,89701.85508520497,9416.75018350169,84295.62840370378,100040.82873803946,84719.35272929556,86783.45702108508,92697.51550274005,107242.43753012652,113817.19077615027,83613.68016708245
6.0,water_filling,rate_spectral_efficiency,8,265.1667020722298,261.77180058430116,11.643390437449346,255.43258406781882,274.90082007664074,253.0562108738653,256.0064302063099,275.06688024789656,280.96066912919474,283.79096298810884,251.6365508611372
6.0,water_filling,ee_mbit_per_j,8,1.1847873922374406,1.1696186834619373,0.052023659401403625,1.141294524558129,1.2282802599167522,1.1306766868828377,1.1438585179430707,1.2290222308940277,1.2553561812156033,1.268002175053603,1.1243335251239481
6.0,water_filling,dense_psl_db,8,-13.471107643677637,-13.801331086871977,1.0189315455170869,-14.322955733438418,-12.619259553916857,-14.398308605600876,-14.00535947218965,-13.3382402666554,-11.793316627905732,-11.427769542264869,-14.531355165476299
6.0,water_filling,independently_evaluated_unknown_fim,8,1.4267131827967613e+18,1.4427700260918272e+18,8.237633862539584e+16,1.3578448402586767e+18,1.495581525334846e+18,1.3069560889385234e+18,1.38441119363484e+18,1.4802530357864353e+18,1.5190571116936806e+18,1.5330741561579942e+18,1.298856410858948e+18
6.0,water_filling,physical_sensing_feasibility_rate,8,0.0,,,0.0,0.0,,,,,,
6.0,water_filling,false_sensing_feasibility_rate,8,0.0,,,0.0,0.0,,,,,,
6.0,conventional_s2,fim_mismatch_percent,8,21.758204547626796,21.034489631982733,5.817239091468576,16.894870961036855,26.62153813421674,15.877633082158749,16.329006243601775,25.27867060288293,30.086465065956048,30.48590711893668,15.843908514690686
6.0,conventional_s2,centroid_magnitude_hz,8,137932.05123515837,136652.78041952633,18330.14788441266,122607.66410722281,153256.43836309394,118734.24161805035,120407.37680141446,149663.0947637231,163437.33185032898,164525.46137963684,118608.20115486838
6.0,conventional_s2,rate_spectral_efficiency,8,260.67038571084737,257.27365723136535,11.706452004866396,250.88354691672498,270.45722450496976,248.44069866717274,251.45577050931882,271.1484154907861,276.16116536647377,278.6255979177271,247.34651681102966
6.0,conventional_s2,ee_mbit_per_j,8,1.1646974685925258,1.1495205966226085,0.05230542388933611,1.1209690399063303,1.2084258972787212,1.1100541861114752,1.123525783564091,1.211514197268531,1.2339115906406335,1.244922885075341,1.1051652885252568
6.0,conventional_s2,dense_psl_db,8,-10.23871232590057,-10.27790386440793,0.522343044708175,-10.675402039544368,-9.802022612256772,-10.895417470966068,-10.638865793288037,-9.709049271963453,-9.649413984546554,-9.634951488416085,-10.985682831860686
6.0,conventional_s2,independently_evaluated_unknown_fim,8,1.8327549180597926e+18,1.8497073929302042e+18,1.3626442876747166e+17,1.718835004736265e+18,1.9466748313833203e+18,1.6376717103897254e+18,1.7502906615391e+18,1.9599297848105523e+18,1.9705028597613578e+18,1.9712928322472614e+18,1.6283150823241352e+18
6.0,conventional_s2,physical_sensing_feasibility_rate,8,0.0,,,0.0,0.0,,,,,,
6.0,conventional_s2,false_sensing_feasibility_rate,8,1.0,,,1.0,1.0,,,,,,
6.0,exact_efim,fim_mismatch_percent,8,2.7424837462946314,2.616346224890569,0.46960035691828567,2.349888023106165,3.135079469483098,2.3722962551464084,2.505812618338648,2.737508739212506,3.5018131757300175,3.821574533449484,2.363754929429543
6.0,exact_efim,centroid_magnitude_hz,8,49902.77461381146,48837.93353234111,4184.703401235871,46404.27501956326,53401.27420805966,46449.41419590293,47767.23407645661,49983.184576218984,56657.24249732722,59397.18899197596,46363.82365644869
6.0,exact_efim,rate_spectral_efficiency,8,258.1688198873353,255.07132506389672,11.737565490247526,248.35596956848948,267.98167020618115,245.30544184584434,249.47087465059587,268.76567368403477,273.39613295660024,275.79583489626623,244.06821651948724
6.0,exact_efim,ee_mbit_per_j,8,1.1535202596113479,1.1396803890399534,0.05244444164234055,1.1096756091751627,1.197364910047533,1.0960455917359917,1.1146571000185124,1.2008679042998165,1.2215571904659024,1.2322792630193984,1.0905175637727205
6.0,exact_efim,dense_psl_db,8,-10.690161864164809,-10.733372856996768,0.8813814918831638,-11.427015231316341,-9.953308497013277,-11.926421417861969,-10.99658915007095,-10.115750751776798,-9.653236953130653,-9.431787562587612,-12.405476218536009
6.0,exact_efim,independently_evaluated_unknown_fim,8,2.3424244112007255e+18,2.342424410018818e+18,2772452975.668554,2.342424408882897e+18,2.342424413518554e+18,2.3424244090674657e+18,2.342424409353475e+18,2.3424244118825313e+18,2.342424415744567e+18,2.3424244162110664e+18,2.3424244090205143e+18
6.0,exact_efim,physical_sensing_feasibility_rate,8,1.0,,,1.0,1.0,,,,,,
6.0,exact_efim,false_sensing_feasibility_rate,8,0.0,,,0.0,0.0,,,,,,
