method,metric,count,mean,median,std,ci95_low,ci95_high,p05,p25,p75,p95,max,min,rate,num_subcarriers
uniform,rate_spectral_efficiency,40,322.4665053217898,318.97123129233626,85.35499407748857,295.16865389100576,349.7643567525738,200.32680906014085,269.42420332278874,385.7604664253653,479.23464920461527,493.38317291218647,168.23668707883257,,64
uniform,independently_evaluated_unknown_fim,40,2.025599828115394e+18,2.0255998281153943e+18,259.26127797341866,2.025599828115394e+18,2.025599828115394e+18,2.0255998281153943e+18,2.0255998281153943e+18,2.0255998281153943e+18,2.0255998281153943e+18,2.0255998281153943e+18,2.0255998281153943e+18,,64
uniform,fim_mismatch_percent,40,0.0,0.0,0.0,0.0,0.0,0.0,0.0,0.0,0.0,0.0,0.0,,64
uniform,centroid_magnitude_hz,40,0.0,0.0,0.0,0.0,0.0,0.0,0.0,0.0,0.0,0.0,0.0,,64
uniform,dense_psl_db,40,-13.256466474732292,-13.256466474732292,0.0,-13.256466474732292,-13.256466474732292,-13.256466474732292,-13.256466474732292,-13.256466474732292,-13.256466474732292,-13.256466474732292,-13.256466474732292,,64
uniform,ee_mbit_per_j,40,1.4408077897356564,1.425190607901928,0.38137337779303404,1.3188386663215148,1.562776913149798,0.8950772319708421,1.203810270165652,1.7236105946665254,2.141261198573813,2.204478006628918,0.7516958358841456,,64
uniform,physical_sensing_feasibility_rate,40,0.0,,,0.0,0.0,,,,,,,0.0,64
uniform,dense_psl_feasibility_rate,40,1.0,,,1.0,1.0,,,,,,,1.0,64
uniform,false_sensing_feasibility_rate,40,0.0,,,0.0,0.0,,,,,,,0.0,64
water_filling,rate_spectral_efficiency,40,323.25761102608976,318.97549413681577,84.732061278079,296.1589831696663,350.3562388825132,201.2099790224623,270.27354663802623,385.76163250764773,479.23498692009974,493.383175173581,168.34277728699996,,64
water_filling,independently_evaluated_unknown_fim,40,1.9895649721343836e+18,2.0259343083725565e+18,1.53028527497603e+17,1.9406240747276209e+18,2.0385058695411464e+18,1.596388301698086e+18,2.0130565745331443e+18,2.0427849928474588e+18,2.1007181542912617e+18,2.2647092442376276e+18,1.4495970292460513e+18,,64
water_filling,fim_mismatch_percent,40,0.815592532410621,0.013072333805265422,2.1232142781317385,0.13655566354806814,1.494629401273174,1.2614645334103419e-05,0.0004013232390879376,0.15719116775481778,5.570235996696382,8.605997811683045,2.2584847615401747e-09,,64
water_filling,centroid_magnitude_hz,40,11988.100999309452,3132.3462026074767,20144.265574901827,5545.652320246672,18430.549678372234,97.64848400452287,553.8080339154985,11101.750070527152,64603.050687918636,73318.3035754323,1.3172133509500032,,64
water_filling,dense_psl_db,40,-13.158203821116137,-13.265779128383027,0.8643667654927045,-13.434641723797103,-12.881765918435171,-14.263928554338428,-13.382598991189052,-13.073792858860129,-12.295690850785908,-9.265393330876625,-14.52828431855033,,64
water_filling,ee_mbit_per_j,40,1.4443425173504945,1.4252096546533797,0.37859006102956255,1.3232635418218426,1.5654214928791463,0.8990233105257485,1.2076052083818367,1.7236158048200563,2.1412627075159953,2.2044780167334466,0.7521698559637566,,64
water_filling,physical_sensing_feasibility_rate,40,0.0,,,0.0,0.0,,,,,,,0.0,64
water_filling,dense_psl_feasibility_rate,40,0.775,,,0.6397493591132202,0.9102506408867799,,,,,,,0.775,64
water_filling,false_sensing_feasibility_rate,40,0.0,,,0.0,0.0,,,,,,,0.0,64
conventional_s2,rate_spectral_efficiency,40,321.78748197409305,317.74981331727713,84.80982718802092,294.66398337309374,348.91098057509237,199.15558422670097,268.78560961803225,384.4697162634292,477.90075860580913,492.07615017779693,167.57070008360603,,64
conventional_s2,independently_evaluated_unknown_fim,40,2.316914024469594e+18,2.342162294009722e+18,7.712476275144973e+16,2.2922483287129728e+18,2.3415797202262154e+18,2.1453001565748344e+18,2.3391473381031844e+18,2.3424164175093996e+18,2.3424241549176146e+18,2.342424413586024e+18,1.9434522152340575e+18,,64
conventional_s2,fim_mismatch_percent,40,1.0890591732082535,0.011190092227786278,3.2925187061444823,0.036060605932693335,2.1420577404838137,1.1078633587259421e-05,0.0003413635503868727,0.13990094784906415,8.415394450602205,17.032446812168878,1.2143698569170466e-09,,64
conventional_s2,centroid_magnitude_hz,40,14435.942983524237,3132.381482029415,27893.313155844637,5515.228657783351,23356.657309265123,98.42103738070084,549.7967447493772,11102.608745051552,86435.91167802388,122976.48539325366,1.0383892992777526,,64
conventional_s2,dense_psl_db,40,-10.44142223906519,-10.515166889899024,0.41965618117461106,-10.575634796977324,-10.307209681153056,-10.97035125996652,-10.542993404654792,-10.496707480411603,-9.460913134214683,-8.806382298873626,-11.231104480812327,,64
conventional_s2,ee_mbit_per_j,40,1.437773857105291,1.4197332100935385,0.3789375251295437,1.3165837571663883,1.5589639570441935,0.8898441028729943,1.2009569806470433,1.7178434145362491,2.1353012625425225,2.198638118297721,0.74872015187364,,64
conventional_s2,physical_sensing_feasibility_rate,40,0.15,,,0.03434822203137153,0.2656517779686285,,,,,,,0.15,64
conventional_s2,dense_psl_feasibility_rate,40,0.0,,,0.0,0.0,,,,,,,0.0,64
conventional_s2,false_sensing_feasibility_rate,40,0.85,,,0.7343482220313715,0.9656517779686284,,,,,,,0.85,64
exact_efim,rate_spectral_efficiency,40,321.66546223016303,317.7493836353761,84.90450686575478,294.5116835992226,348.8192408611035,198.98088313178985,268.67271005192276,384.469582618271,477.9007239494436,492.07614979210115,167.55481809737367,,64
exact_efim,independently_evaluated_unknown_fim,40,2.3424244072102943e+18,2.342424408392484e+18,6831138317.998787,2.3424244050255903e+18,2.3424244093949983e+18,2.3424243936244065e+18,2.34242440305106e+18,2.342424413062865e+18,2.342424414516278e+18,2.342424419902868e+18,2.342424392255044e+18,,64
exact_efim,fim_mismatch_percent,40,0.20385929289943555,0.004833538176563487,0.4956685476329124,0.0453368008246067,0.36238178497426443,4.992286861117648e-06,0.0001564352752640809,0.07415715605555104,1.5668661359961078,1.8967121148092927,4.3654189860906314e-10,,64
exact_efim,centroid_magnitude_hz,40,7358.9878849538,2058.309750050589,11519.956499654834,3674.7270585610927,11043.248711346507,66.05480853811655,372.2250900179318,8101.318327664654,37585.34049386406,41432.62818829375,0.6225869559006812,,64
exact_efim,dense_psl_db,40,-10.47095664131815,-10.513644995321032,0.3875186604127239,-10.594891121461156,-10.347022161175143,-10.9538549050353,-10.533606684389548,-10.493395578548743,-9.807250086791958,-8.781694505095473,-11.47550630449484,,64
exact_efim,ee_mbit_per_j,40,1.4372286625017656,1.4197312902325505,0.37936056217885766,1.315903268750864,1.5585540562526672,0.889063521768229,1.2004525357257756,1.7178428171819484,2.135301107830731,2.198638116857468,0.7486491890563629,,64
exact_efim,physical_sensing_feasibility_rate,40,1.0,,,1.0,1.0,,,,,,,1.0,64
exact_efim,dense_psl_feasibility_rate,40,0.0,,,0.0,0.0,,,,,,,0.0,64
exact_efim,false_sensing_feasibility_rate,40,0.0,,,0.0,0.0,,,,,,,0.0,64
conventional_s2_psl,rate_spectral_efficiency,40,320.5188759436895,316.50149569483426,84.78677614962476,293.4027494224175,347.63500246496153,198.26757499375154,267.2149704003193,383.2028946835637,476.6072464270595,490.77003886510624,166.77917144642328,,64
conventional_s2_psl,independently_evaluated_unknown_fim,40,2.3229079789498706e+18,2.3421690530578924e+18,5.179216868490992e+16,2.3063440398234117e+18,2.3394719180763295e+18,2.1805336990158664e+18,2.3390518774796186e+18,2.342416415718313e+18,2.3424241694073477e+18,2.342424410745857e+18,2.1363854868095409e+18,,64
conventional_s2_psl,fim_mismatch_percent,40,0.833172421995673,0.010901539244045225,2.2110497300062324,0.12604441281332845,1.5403004311780175,1.043459748070048e-05,0.00034141845973172634,0.14397627616121716,6.911246029163406,8.795969045249363,1.0623056496257489e-07,,64
conventional_s2_psl,centroid_magnitude_hz,40,13403.025803622138,3088.7152225679347,23968.73817138044,5737.4514496281445,21068.600157616132,95.55977744836497,550.0377618345174,11273.489391470168,78329.77366129044,88374.18107658066,9.711992080705466,,64
conventional_s2_psl,dense_psl_db,40,-13.003968334077133,-13.023431824607908,0.07340607976300279,-13.027444737316848,-12.980491930837417,-13.033306695307102,-13.026246897962313,-13.023330001229178,-12.781593962563548,-12.724765187204845,-13.0947384690224,,64
conventional_s2_psl,ee_mbit_per_j,40,1.4321056164010644,1.4141556195377474,0.378834531796628,1.3109484553280206,1.5532627774741081,0.8858763992789028,1.1939392300256724,1.7121831471668285,2.1295217398532538,2.192802301937185,0.7451835322374981,,64
conventional_s2_psl,physical_sensing_feasibility_rate,40,0.125,,,0.01788352944752411,0.2321164705524759,,,,,,,0.125,64
conventional_s2_psl,dense_psl_feasibility_rate,40,0.9,,,0.8028330711768601,0.99716692882314,,,,,,,0.9,64
conventional_s2_psl,false_sensing_feasibility_rate,40,0.875,,,0.7678835294475241,0.9821164705524759,,,,,,,0.875,64
exact_efim_sampled_psl,rate_spectral_efficiency,40,320.3851845022191,316.5007804334462,84.8885463089443,293.2365103049825,347.53385869945566,198.03349483842615,267.00723880854645,383.20266122049884,476.6071908944612,490.7700384147016,166.75108533939442,,64
exact_efim_sampled_psl,independently_evaluated_unknown_fim,40,2.3424244114753306e+18,2.342424410432945e+18,5063862422.141595,2.342424409855829e+18,2.342424413094832e+18,2.3424244091112474e+18,2.3424244097222144e+18,2.3424244116385454e+18,2.342424413454058e+18,2.3424244416293396e+18,2.3424244083257354e+18,,64
exact_efim_sampled_psl,fim_mismatch_percent,40,0.1006873310377743,0.0019362100777374053,0.2701918345538248,0.014275790187974868,0.18709887188757374,1.985914137004366e-06,6.29546293875846e-05,0.024928041613694513,0.5614511907138102,1.2174992176000383,1.12051509849327e-08,,64
exact_efim_sampled_psl,centroid_magnitude_hz,40,4904.422764813498,1301.3939094543675,8232.330578070381,2271.59571728009,7537.249812346907,41.6798795652602,236.1840675006083,4672.381734428123,22306.445698894422,33080.94392500179,3.1542234197966765,,64
exact_efim_sampled_psl,dense_psl_db,40,-13.024194030178341,-13.02343598610336,0.026033901962383296,-13.032520075954732,-13.01586798440195,-13.03558818611063,-13.025354413194055,-13.02337980591781,-13.001089925226143,-12.941976344485546,-13.151586015163232,,64
exact_efim_sampled_psl,ee_mbit_per_j,40,1.4315082717624443,1.4141524239412975,0.3792892496000513,1.3102056848806949,1.5528108586441938,0.884830509238579,1.1930110675739445,1.712182104098332,2.1295214918395704,2.192802299840198,0.7450580410082969,,64
exact_efim_sampled_psl,physical_sensing_feasibility_rate,40,1.0,,,1.0,1.0,,,,,,,1.0,64
exact_efim_sampled_psl,dense_psl_feasibility_rate,40,0.925,,,0.8396902401409426,1.0103097598590574,,,,,,,0.925,64
exact_efim_sampled_psl,false_sensing_feasibility_rate,40,0.0,,,0.0,0.0,,,,,,,0.0,64
exact_efim_cutting_plane_psl,rate_spectral_efficiency,40,320.3764652586319,316.5007804334462,84.89682846641105,293.22514229893574,347.5277882183281,198.0319954868817,266.86930728015665,383.20266122049884,476.6071908944612,490.7700384147016,166.75108533939442,,64
exact_efim_cutting_plane_psl,independently_evaluated_unknown_fim,40,2.342424411465351e+18,2.342424410410164e+18,5062009606.277041,2.342424409846442e+18,2.3424244130842604e+18,2.342424409187101e+18,2.342424409628932e+18,2.3424244116385454e+18,2.342424413454058e+18,2.3424244416293396e+18,2.342424409048456e+18,,64
exact_efim_cutting_plane_psl,fim_mismatch_percent,40,0.10096847231737986,0.0019362100777374053,0.2711560342652872,0.01424856543982099,0.18768837919493875,1.985914137004366e-06,6.29546293875846e-05,0.024928041613694513,0.5614511907138102,1.2229871047368663,1.12051509849327e-08,,64
exact_efim_cutting_plane_psl,centroid_magnitude_hz,40,4905.326272523639,1301.3939094543675,8247.631690320259,2267.605691888422,7543.046853158856,41.6798795652602,236.1840675006083,4672.381734428123,22306.445698894422,33156.33741364616,3.1542234197966765,,64
exact_efim_cutting_plane_psl,dense_psl_db,40,-13.040348724942623,-13.023488400895335,0.05432860300388575,-13.057723855118319,-13.022973594766928,-13.156830037357151,-13.026016171691078,-13.023386542579589,-13.022841579945643,-13.019160527456448,-13.256466460345566,,64
exact_efim_cutting_plane_psl,ee_mbit_per_j,40,1.431469313439322,1.4141524239412975,0.37932625498342654,1.3101548916618124,1.5527837352168314,0.8848238100092575,1.1923947776813484,1.712182104098332,2.1295214918395704,2.192802299840198,0.7450580410082969,,64
exact_efim_cutting_plane_psl,physical_sensing_feasibility_rate,40,1.0,,,1.0,1.0,,,,,,,1.0,64
exact_efim_cutting_plane_psl,dense_psl_feasibility_rate,40,1.0,,,1.0,1.0,,,,,,,1.0,64
exact_efim_cutting_plane_psl,false_sensing_feasibility_rate,40,0.0,,,0.0,0.0,,,,,,,0.0,64
uniform,rate_spectral_efficiency,40,558.3339962330828,564.9487656953704,108.17716246729448,523.7372612540476,592.930731212118,376.03529046809365,513.9338572164742,642.0153087763597,694.6199017060146,775.5832024979047,256.3654634089744,,128
uniform,independently_evaluated_unknown_fim,40,8.10388326837961e+18,8.103883268379611e+18,1037.0451118936746,8.10388326837961e+18,8.10388326837961e+18,8.103883268379611e+18,8.103883268379611e+18,8.103883268379611e+18,8.103883268379611e+18,8.103883268379611e+18,8.103883268379611e+18,,128
uniform,fim_mismatch_percent,40,0.0,0.0,0.0,0.0,0.0,0.0,0.0,0.0,0.0,0.0,0.0,,128
uniform,centroid_magnitude_hz,40,0.0,0.0,0.0,0.0,0.0,0.0,0.0,0.0,0.0,0.0,0.0,,128
uniform,dense_psl_db,40,-13.261873643755866,-13.261873643755866,0.0,-13.261873643755866,-13.261873643755866,-13.261873643755866,-13.261873643755866,-13.261873643755866,-13.261873643755866,-13.261873643755866,-13.261873643755866,,128
uniform,ee_mbit_per_j,40,2.4946838129563274,2.524239165872931,0.4833447684708902,2.340102656667021,2.6492649692456336,1.6801576808148866,2.2963002130948844,2.8685790392135218,3.103620837409853,3.4653717558417023,1.1454627088486091,,128
uniform,physical_sensing_feasibility_rate,40,0.0,,,0.0,0.0,,,,,,,0.0,128
uniform,dense_psl_feasibility_rate,40,1.0,,,1.0,1.0,,,,,,,1.0,128
uniform,false_sensing_feasibility_rate,40,0.0,,,0.0,0.0,,,,,,,0.0,128
water_filling,rate_spectral_efficiency,40,560.6205150621794,565.3314484457796,105.90489343333508,526.7504869755784,594.4905431487804,377.417426355109,518.861066569004,642.0670474877734,694.6347963499636,775.5938979289426,257.37183722721954,,128
water_filling,independently_evaluated_unknown_fim,40,7.950754930088845e+18,8.033608287034524e+18,4.6842788962142835e+17,7.800944423098325e+18,8.100565437079366e+18,7.00388593907224e+18,7.731244969960777e+18,8.165417712464503e+18,8.45847144102156e+18,9.58634314754471e+18,6.883907510537827e+18,,128
water_filling,fim_mismatch_percent,40,0.8390716008978181,0.0967042273345291,1.376715761127614,0.3987765400656124,1.2793666617300237,0.000549007836769436,0.008276752725031563,1.5191926405105827,3.1812145938052114,5.9056759223478705,5.1764589268699e-05,,128
water_filling,centroid_magnitude_hz,40,33267.658243839745,17382.357397941174,37718.09351206156,21204.826723870985,45330.48976380851,1286.8982534808592,5070.066505342309,66629.90696045096,100748.01159718847,133561.98418125714,398.9195095254444,,128
water_filling,dense_psl_db,40,-13.462060015958405,-13.499743371469206,1.280874552332217,-13.87170357119425,-13.052416460722561,-15.533357498492206,-13.766981562226674,-13.107316433628592,-12.05096467965585,-8.174107805962507,-16.756164976192217,,128
water_filling,ee_mbit_per_j,40,2.50490017368175,2.5259490249697087,0.4731920770424848,2.353566005635259,2.656234341728241,1.686333181586354,2.318315403820253,2.8688102121775465,3.1036873879460076,3.4654195439355386,1.1499592727169252,,128
water_filling,physical_sensing_feasibility_rate,40,0.025,,,-0.025567273000919016,0.07556727300091902,,,,,,,0.025,128
water_filling,dense_psl_feasibility_rate,40,0.775,,,0.6397493591132202,0.9102506408867799,,,,,,,0.775,128
water_filling,false_sensing_feasibility_rate,40,0.0,,,0.0,0.0,,,,,,,0.0,128
conventional_s2,rate_spectral_efficiency,40,557.8905064965636,562.6743144374805,105.60300820683177,524.1170259892965,591.6639870038307,375.0550156110187,517.2637058067439,639.1665524959008,691.8798686358625,772.8500621034536,255.647857505554,,128
conventional_s2,independently_evaluated_unknown_fim,40,9.312533491072582e+18,9.364967002633347e+18,1.1906867640923077e+17,9.274453480947708e+18,9.350613501197455e+18,9.070799713706609e+18,9.308293130433976e+18,9.369821947065119e+18,9.370411801011386e+18,9.586342835696267e+18,8.925797417258183e+18,,128
conventional_s2,fim_mismatch_percent,40,0.7436881978103922,0.08508071855527524,1.222009694736058,0.3528705373510784,1.134505858269706,0.00046734895134689685,0.007237457987893934,1.25178215022874,3.197714164441132,4.745158316567442,4.4801768013833005e-05,,128
conventional_s2,centroid_magnitude_hz,40,34108.79512342565,17382.226707139896,39100.25784856096,21603.926003683453,46613.66424316784,1287.246230658393,5070.062476982568,66629.87678403502,106549.5044215613,129824.33300907857,398.9131227658895,,128
conventional_s2,dense_psl_db,40,-10.625002336621513,-10.575473272328558,0.6932792453292218,-10.846723795846996,-10.40328087739603,-12.146649332312297,-10.714388397036512,-10.403544710096865,-9.899243792905285,-8.174107974260282,-12.328784163313891,,128
conventional_s2,ee_mbit_per_j,40,2.4927022662180724,2.5140767269585185,0.47184322774627374,2.3417994811045717,2.643605051331573,1.6757777340177202,2.311178264080037,2.8558505554108704,3.091378139762642,3.4531598538082813,1.1422563873675577,,128
conventional_s2,physical_sensing_feasibility_rate,40,0.05,,,-0.02059013723237936,0.12059013723237937,,,,,,,0.05,128
conventional_s2,dense_psl_feasibility_rate,40,0.0,,,0.0,0.0,,,,,,,0.0,128
conventional_s2,false_sensing_feasibility_rate,40,0.95,,,0.8794098627676206,1.0205901372323793,,,,,,,0.95,128
exact_efim,rate_spectral_efficiency,40,557.7446318014665,562.6435287354873,105.67848483627118,523.9470126970476,591.5422509058855,375.0549229840562,516.7193128731142,639.162352925094,691.8796480925158,772.848761425765,255.46757754763001,,128
exact_efim,independently_evaluated_unknown_fim,40,9.3758374498658e+18,9.370439597412354e+18,3.4139111533714336e+16,9.364919232312177e+18,9.386755667419423e+18,9.37043950420748e+18,9.370439548588063e+18,9.370439622558212e+18,9.370439651322175e+18,9.586354281860657e+18,9.37043946485091e+18,,128
exact_efim,fim_mismatch_percent,40,0.30059024539601625,0.03722357109849334,0.5615056741150307,0.12101201877673853,0.480168472015294,0.00019785376642914368,0.0035039935014702637,0.3948305541372935,0.9764971053325474,2.724770578164032,2.050240347043819e-05,,128
exact_efim,centroid_magnitude_hz,40,21610.9085373459,11500.517997580038,25232.73639662475,13541.087939363304,29680.729135328493,837.8375480349189,3527.929152041073,37402.554501902334,58963.46280761542,100888.42453008883,269.8566842775444,,128
exact_efim,dense_psl_db,40,-10.594592063137522,-10.549197047871692,0.6694208350302812,-10.808683232574408,-10.380500893700637,-11.99567121827011,-10.706927208465041,-10.33377745124564,-9.902135658100642,-8.17410083287279,-12.139466567648194,,128
exact_efim,ee_mbit_per_j,40,2.492050485847892,2.5139391730197005,0.47218046359334537,2.3410398474781173,2.6430611242176667,1.6757773205618798,2.3087458681020943,2.855831794584752,3.0913771524984877,3.4531540413771267,1.1414508806029915,,128
exact_efim,physical_sensing_feasibility_rate,40,1.0,,,1.0,1.0,,,,,,,1.0,128
exact_efim,dense_psl_feasibility_rate,40,0.0,,,0.0,0.0,,,,,,,0.0,128
exact_efim,false_sensing_feasibility_rate,40,0.0,,,0.0,0.0,,,,,,,0.0,128
exact_efim_cutting_plane_psl,rate_spectral_efficiency,40,555.1346990270512,560.8426885467416,106.15123918420078,521.1858857471476,589.0835123069547,372.74663399348947,512.9101701907601,636.6923427642554,689.4038942403666,770.3868717080416,253.78332730251464,,128
exact_efim_cutting_plane_psl,independently_evaluated_unknown_fim,40,9.37043959668022e+18,9.370439598481138e+18,18221256468.343533,9.37043959085278e+18,9.370439602507661e+18,9.370439578982859e+18,9.370439591038185e+18,9.37043960630616e+18,9.370439616150002e+18,9.370439620588737e+18,9.370439508476058e+18,,128
exact_efim_cutting_plane_psl,fim_mismatch_percent,40,0.10842192924047471,0.015217266532932656,0.17015144803165427,0.05400485617637058,0.16283900230457884,5.98630931807992e-05,0.0014619924790343353,0.16048070092897415,0.4567623217858531,0.5099094707961128,2.0665215120992936e-06,,128
exact_efim_cutting_plane_psl,centroid_magnitude_hz,40,13274.959643242724,7325.335711480273,14686.681254365481,8577.931106998156,17971.988179487293,460.99632999635685,2277.71920120362,23800.930810861064,40367.71949414662,42666.534787105054,85.67432992032857,,128
exact_efim_cutting_plane_psl,dense_psl_db,40,-13.045867443871552,-13.029091928887071,0.044275385342646946,-13.060027399058557,-13.031707488684548,-13.109146079026946,-13.03648845892366,-13.028565160963616,-13.019358798364584,-13.015938560848213,-13.261873616691574,,128
exact_efim_cutting_plane_psl,ee_mbit_per_j,40,2.480389082198406,2.5058928652900763,0.47429277107990403,2.328702895120938,2.632075269275874,1.665463684544932,2.291726293215776,2.8447955760472166,3.0803152740455397,3.4421541085261746,1.1339255051394745,,128
exact_efim_cutting_plane_psl,physical_sensing_feasibility_rate,40,1.0,,,1.0,1.0,,,,,,,1.0,128
exact_efim_cutting_plane_psl,dense_psl_feasibility_rate,40,1.0,,,1.0,1.0,,,,,,,1.0,128
exact_efim_cutting_plane_psl,false_sensing_feasibility_rate,40,0.0,,,0.0,0.0,,,,,,,0.0,128
uniform,rate_spectral_efficiency,20,924.2125101325728,931.3857974603802,198.53295653493154,831.2962263250851,1017.1287939400605,660.4608097997392,761.7033181140255,1054.9340790421456,1247.5126110086933,1258.6735025751136,570.4259724159191,,256
uniform,independently_evaluated_unknown_fim,20,3.241701702943648e+19,3.2417017029436477e+19,4202.407330140791,3.241701702943648e+19,3.241701702943648e+19,3.2417017029436477e+19,3.2417017029436477e+19,3.2417017029436477e+19,3.2417017029436477e+19,3.2417017029436477e+19,3.2417017029436477e+19,,256
uniform,fim_mismatch_percent,20,0.0,0.0,0.0,0.0,0.0,0.0,0.0,0.0,0.0,0.0,0.0,,256
uniform,centroid_magnitude_hz,20,0.0,0.0,0.0,0.0,0.0,0.0,0.0,0.0,0.0,0.0,0.0,,256
uniform,dense_psl_db,20,-13.263225225631206,-13.263225225631206,0.0,-13.263225225631206,-13.263225225631206,-13.263225225631206,-13.263225225631206,-13.263225225631206,-13.263225225631206,-13.263225225631206,-13.263225225631206,,256
uniform,ee_mbit_per_j,20,4.129460151656177,4.161511009929359,0.8870621462199071,3.7143022878354874,4.544618015476867,2.950995107615856,3.4033552511477736,4.713535246784056,5.573992517272884,5.623860330654763,2.5487117916455957,,256
uniform,physical_sensing_feasibility_rate,20,0.0,,,0.0,0.0,,,,,,,0.0,256
uniform,dense_psl_feasibility_rate,20,1.0,,,1.0,1.0,,,,,,,1.0,256
uniform,false_sensing_feasibility_rate,20,0.0,,,0.0,0.0,,,,,,,0.0,256
water_filling,rate_spectral_efficiency,20,931.2756520793921,933.2280536518138,192.76474822536179,841.0589728600141,1021.4923312987701,681.5839423649952,766.5308722233813,1055.6300979248456,1247.6823209072577,1259.1908609381644,593.7436316793181,,256
water_filling,independently_evaluated_unknown_fim,20,3.1678731273013436e+19,3.1856266193223143e+19,1.7023463100922819e+18,3.0882008675174457e+19,3.2475453870852415e+19,2.8955200914245304e+19,3.0652131220026032e+19,3.273789392716478e+19,3.3371343843849834e+19,3.573635340743863e+19,2.7986200375446827e+19,,256
water_filling,fim_mismatch_percent,20,1.0888733262839838,0.10596224672270885,2.1067208098020553,0.10289763699198251,2.0748490155759853,0.0050142821998315655,0.01840297644021256,1.4529670484595147,3.5975885985063805,9.09918983481576,0.002031646146290197,,256
water_filling,centroid_magnitude_hz,20,78312.58929798905,35489.17815809945,85042.20009976327,38511.61449765431,118113.56409832378,7746.524935656066,14758.371150950014,130769.16542531483,197569.81889938298,331752.0955835754,5042.967306543204,,256
water_filling,dense_psl_db,20,-13.236547514690884,-13.322517705946746,1.5716291733951941,-13.972092609389664,-12.501002419992103,-15.553926338787022,-14.078052051900402,-12.34545197778482,-10.727013209907565,-10.01210009014494,-15.64239740690347,,256
water_filling,ee_mbit_per_j,20,4.161018870993478,4.169742367380626,0.8612893005809109,3.757923070226275,4.564114671760681,3.0453750616324533,3.4249251737638757,4.716645118389068,5.574750795547423,5.626171931848789,2.6528970777165712,,256
water_filling,physical_sensing_feasibility_rate,20,0.0,,,0.0,0.0,,,,,,,0.0,256
water_filling,dense_psl_feasibility_rate,20,0.65,,,0.42097224312031256,0.8790277568796875,,,,,,,0.65,256
water_filling,false_sensing_feasibility_rate,20,0.0,,,0.0,0.0,,,,,,,0.0,256
conventional_s2,rate_spectral_efficiency,20,926.3651836201068,927.2729319912373,193.02456715518278,836.026905398512,1016.7034618417016,675.5248072636537,759.5257337103908,1050.4948392533588,1243.2200085712593,1253.7031465942537,591.6096038100446,,256
conventional_s2,independently_evaluated_unknown_fim,20,3.713488659931562e+19,3.743484912345347e+19,6.515261116872419e+17,3.682996299288724e+19,3.7439810205744005e+19,3.622312005962713e+19,3.703122123575424e+19,3.74751338536901e+19,3.748036933300043e+19,3.748182908021085e+19,3.4713616127730794e+19,,256
conventional_s2,fim_mismatch_percent,20,0.9274026199843484,0.12712915785449114,1.7382141081096527,0.11389337594667925,1.7409118640220176,0.0056853404700942444,0.019653034724027407,1.20397268501454,3.3599150390842705,7.3871383668608175,0.0017906739447538305,,256
conventional_s2,centroid_magnitude_hz,20,80338.02633384592,42494.72488933598,84119.28209329484,40968.99045648276,119707.06221120908,8942.96778966552,16696.15845868611,130769.19012367973,217109.09249003982,323968.77757055225,5043.979323166859,,256
conventional_s2,dense_psl_db,20,-10.53397764269881,-10.631023833893185,0.7438984614270443,-10.88213283956028,-10.18582244583734,-11.401840941521142,-10.866187358336296,-10.314202941206876,-9.777255614707682,-8.023543473029179,-11.551628703716519,,256
conventional_s2,ee_mbit_per_j,20,4.139078487110242,4.14313438702302,0.8624501932889991,3.7354393718313466,4.542717602389138,3.0183023400041042,3.3936256247938834,4.693700357512623,5.554812807431628,5.601652363188438,2.643362065735184,,256
conventional_s2,physical_sensing_feasibility_rate,20,0.0,,,0.0,0.0,,,,,,,0.0,256
conventional_s2,dense_psl_feasibility_rate,20,0.0,,,0.0,0.0,,,,,,,0.0,256
conventional_s2,false_sensing_feasibility_rate,20,1.0,,,1.0,1.0,,,,,,,1.0,256
exact_efim,rate_spectral_efficiency,20,926.0313358176849,926.9867200067436,193.25615656042515,835.5846704180624,1016.4780012173073,674.2497382001847,759.175460539423,1050.4697570634878,1243.214479003986,1253.6439802397083,591.5974228270261,,256
exact_efim,independently_evaluated_unknown_fim,20,3.7482500176399745e+19,3.748250019447723e+19,130783573072.17297,3.748250011519115e+19,3.748250023760834e+19,3.7482499942813565e+19,3.7482500082171355e+19,3.748250026022262e+19,3.748250034712821e+19,3.748250036186925e+19,3.748249990936419e+19,,256
exact_efim,fim_mismatch_percent,20,0.3614082322215949,0.05180659659199773,0.6565191161415654,0.05414782777726984,0.66866863666592,0.002697767487857138,0.009687820106539189,0.47163555429213755,1.111701633979242,2.8138220975995467,0.0009003299818654008,,256
exact_efim,centroid_magnitude_hz,20,51166.62463602435,27136.11258051605,52268.09198543934,26704.4045907572,75628.8446812915,6162.685171777815,11677.42770665743,81997.53757986659,125213.02605360335,202820.1531310484,3576.579240082809,,256
exact_efim,dense_psl_db,20,-10.481504048630663,-10.580407096918954,0.7322225457023647,-10.824194748724837,-10.13881334853649,-11.36276130132639,-10.84407305387051,-10.313513419514315,-9.7721318367354,-8.005649691611724,-11.4592211480321,,256
exact_efim,ee_mbit_per_j,20,4.1375868261830515,4.1418555658779725,0.8634849556864306,3.733463427194936,4.541710225171167,3.0126052203732225,3.392060572701275,4.693588286190472,5.554788101104657,5.601388001535321,2.643307636178578,,256
exact_efim,physical_sensing_feasibility_rate,20,1.0,,,1.0,1.0,,,,,,,1.0,256
exact_efim,dense_psl_feasibility_rate,20,0.0,,,0.0,0.0,,,,,,,0.0,256
exact_efim,false_sensing_feasibility_rate,20,0.0,,,0.0,0.0,,,,,,,0.0,256
