method,label,status,solver_status,solve_time_s,solver_inaccurate,error,optimizer_model,rate_spectral_efficiency,rate_bps,tx_power_w,system_power_w,energy_efficiency_bit_per_j,sensing_surrogate,delay_fim_per_s2,delay_fim_known_amplitude_per_s2,delay_fim_unknown_amplitude_per_s2,delay_crb_s2,range_rmse_bound_m,psl_db,isl_db,peak_power_w,power_variance_w2,num_active_subcarriers,spectral_centroid_hz,power_weighted_spectral_variance_hz2,unknown_amplitude_kernel_w_hz2,rate_mbps,ee_mbit_per_j,optimizer_claimed_sensing_metric,optimizer_claimed_known_fim,independently_evaluated_unknown_fim,independently_evaluated_known_fim,fim_mismatch_percent,centroid_magnitude_hz,gamma_unknown_fim,gamma_conventional_s,c_beta,j_max,s_max,fim_fraction,max_range_rmse_m_target,optimizer_claimed_sensing_satisfied,physical_sensing_satisfied,false_sensing_feasibility,psl_requirement_applicable,requested_psl_max_db,optimization_grid_psl_db,validation_grid_psl_db,dense_psl_db,psl_margin_db,dense_psl_satisfied,psl_tolerance_db,optimization_oversampling,validation_oversampling,worst_delay_s,mainlobe_exclusion_s,sensing_model,min_unknown_fim,gamma_fim_kernel,unknown_fim_representation,s0_epsilon_w,psl_max_db,psl_rho,num_psl_soc_constraints,psl_mainlobe_exclusion_s,map_role,realization,classification,validation_grid_isl_db,violation_margin_db,optimization_grid_sidelobe_samples,validation_grid_sidelobe_samples,cutting_plane_iteration,cutting_plane_num_constraints,cutting_plane_converged,cutting_plane_iterations,cutting_plane_status,cutting_plane_infeasible,cutting_plane_runtime_s,num_added_soc_constraints,num_final_soc_constraints,initial_validation_grid_psl_db,initial_optimization_grid_psl_db,worst_violating_delay_s,num_worst_violating_delays
exact_efim_sampled_psl,Exact EFIM+sampled PSL,ok,optimal,0.4699706379979034,False,,exact_efim,285.46626571542345,4281993.985731352,0.9999999998498592,3.3571428567138835,1275487.5703808307,65780419211.85864,1.7353820867581537e+18,1.7353820867581537e+18,1.6798215792312955e+18,5.762419743931366e-19,0.11378713225705271,-13.821952356642539,-10.755274727524016,0.01739215220389097,1.8392664123991027e-05,64,45891.670370037944,63674373812.382744,63674373802.822624,4.2819939857313525,1.2754875703808306,65780419211.85864,1.7353820867581532e+18,1.6798215792312955e+18,1.7353820867581537e+18,3.201629655556152,45891.670370037944,9.369697655882788e+17,35516249959.89912,26381438.54281344,4.684848827941393e+18,177581250000.0,0.2,0.15485595779153002,True,True,False,True,0.0,-14.003054258444443,-13.821952356642539,-13.821952356642539,13.821952356642539,True,0.25,4,32,-1.6276041666666668e-06,1.0416666666666667e-06,unknown_amplitude_exact,9.369697655882788e+17,35516249959.89912,quad_over_lin,1e-12,0.0,1.0,249,1.0416666666666667e-06,sampled_only,0,physically_feasible,,,,,,,,,,,,,,,,,
exact_efim_cutting_plane_psl,Exact EFIM+cutting-plane PSL,ok,optimal,0.48735981400022865,False,,exact_efim,285.46626571542345,4281993.985731352,0.9999999998498592,3.3571428567138835,1275487.5703808307,65780419211.85864,1.7353820867581537e+18,1.7353820867581537e+18,1.6798215792312955e+18,5.762419743931366e-19,0.11378713225705271,-13.821952356642539,-10.755274727524016,0.01739215220389097,1.8392664123991027e-05,64,45891.670370037944,63674373812.382744,63674373802.822624,4.2819939857313525,1.2754875703808306,65780419211.85864,1.7353820867581532e+18,1.6798215792312955e+18,1.7353820867581537e+18,3.201629655556152,45891.670370037944,9.369697655882788e+17,35516249959.89912,26381438.54281344,4.684848827941393e+18,177581250000.0,0.2,0.15485595779153002,True,True,False,True,0.0,-14.003054258444443,-13.821952356642539,-13.821952356642539,13.821952356642539,True,0.25,4,32,-1.6276041666666668e-06,1.0416666666666667e-06,unknown_amplitude_exact,9.369697655882788e+17,35516249959.89912,quad_over_lin,1e-12,0.0,1.0,249,1.0416666666666667e-06,cutting_plane,0,physically_feasible,-10.78016070383238,13.821952356642539,249.0,1985.0,1.0,249.0,True,1.0,dense_psl_satisfied,False,0.48735981400022865,0.0,249.0,-13.821952356642539,-14.003054258444443,,0.0
exact_efim_sampled_psl,Exact EFIM+sampled PSL,ok,optimal,0.5008243109987234,False,,exact_efim,285.46626570360166,4281993.985554025,0.9999999997283463,3.357142856366704,1275487.5704599144,65780439200.89223,1.7353826140976143e+18,1.7353826140976143e+18,1.6798219011881728e+18,5.762417992875838e-19,0.11378711496851673,-13.821960901143662,-10.755277069967104,0.01739216648901377,1.8392634490826726e-05,64,45891.75519333559,63674386024.03669,63674386006.7393,4.281993985554025,1.2754875704599145,65780439200.89223,1.7353826140976143e+18,1.6798219011881728e+18,1.7353826140976143e+18,3.2016405176637477,45891.75519333559,9.369697655882788e+17,35516249959.89912,26381438.54281344,4.684848827941393e+18,177581250000.0,0.2,0.15485595779153002,True,True,False,True,-6.0,-14.00306115137978,-13.821960901143662,-13.821960901143662,7.821960901143662,True,0.25,4,32,-1.6276041666666668e-06,1.0416666666666667e-06,unknown_amplitude_exact,9.369697655882788e+17,35516249959.89912,quad_over_lin,1e-12,-6.0,0.5011872336272722,249,1.0416666666666667e-06,sampled_only,0,physically_feasible,,,,,,,,,,,,,,,,,
exact_efim_cutting_plane_psl,Exact EFIM+cutting-plane PSL,ok,optimal,0.5030580860002374,False,,exact_efim,285.46626570360166,4281993.985554025,0.9999999997283463,3.357142856366704,1275487.5704599144,65780439200.89223,1.7353826140976143e+18,1.7353826140976143e+18,1.6798219011881728e+18,5.762417992875838e-19,0.11378711496851673,-13.821960901143662,-10.755277069967104,0.01739216648901377,1.8392634490826726e-05,64,45891.75519333559,63674386024.03669,63674386006.7393,4.281993985554025,1.2754875704599145,65780439200.89223,1.7353826140976143e+18,1.6798219011881728e+18,1.7353826140976143e+18,3.2016405176637477,45891.75519333559,9.369697655882788e+17,35516249959.89912,26381438.54281344,4.684848827941393e+18,177581250000.0,0.2,0.15485595779153002,True,True,False,True,-6.0,-14.00306115137978,-13.821960901143662,-13.821960901143662,7.821960901143662,True,0.25,4,32,-1.6276041666666668e-06,1.0416666666666667e-06,unknown_amplitude_exact,9.369697655882788e+17,35516249959.89912,quad_over_lin,1e-12,-6.0,0.5011872336272722,249,1.0416666666666667e-06,cutting_plane,0,physically_feasible,-10.780163062603744,7.821960901143662,249.0,1985.0,1.0,249.0,True,1.0,dense_psl_satisfied,False,0.5030580860002374,0.0,249.0,-13.821960901143662,-14.00306115137978,,0.0
exact_efim_sampled_psl,Exact EFIM+sampled PSL,ok,optimal,0.48452599000302143,False,,exact_efim,285.46626570817654,4281993.985622648,0.9999999997680148,3.3571428564800425,1275487.5704372944,65780411127.66262,1.735381873485433e+18,1.735381873485433e+18,1.6798214000704397e+18,5.762420452113787e-19,0.11378713924908451,-13.821953688352561,-10.755276024152515,0.017392151437348135,1.839267200273073e-05,64,45891.65628411546,63674367026.42331,63674367011.651794,4.281993985622648,1.2754875704372943,65780411127.66262,1.7353818734854326e+18,1.6798214000704397e+18,1.735381873485433e+18,3.2016280833568236,45891.65628411546,9.369697655882788e+17,35516249959.89912,26381438.54281344,4.684848827941393e+18,177581250000.0,0.2,0.15485595779153002,True,True,False,True,-10.0,-14.00305590185,-13.821953688352561,-13.821953688352561,3.8219536883525613,True,0.25,4,32,-1.6276041666666668e-06,1.0416666666666667e-06,unknown_amplitude_exact,9.369697655882788e+17,35516249959.89912,quad_over_lin,1e-12,-10.0,0.31622776601683794,249,1.0416666666666667e-06,sampled_only,0,physically_feasible,,,,,,,,,,,,,,,,,
exact_efim_cutting_plane_psl,Exact EFIM+cutting-plane PSL,ok,optimal,0.4894420029995672,False,,exact_efim,285.46626570817654,4281993.985622648,0.9999999997680148,3.3571428564800425,1275487.5704372944,65780411127.66262,1.735381873485433e+18,1.735381873485433e+18,1.6798214000704397e+18,5.762420452113787e-19,0.11378713924908451,-13.821953688352561,-10.755276024152515,0.017392151437348135,1.839267200273073e-05,64,45891.65628411546,63674367026.42331,63674367011.651794,4.281993985622648,1.2754875704372943,65780411127.66262,1.7353818734854326e+18,1.6798214000704397e+18,1.735381873485433e+18,3.2016280833568236,45891.65628411546,9.369697655882788e+17,35516249959.89912,26381438.54281344,4.684848827941393e+18,177581250000.0,0.2,0.15485595779153002,True,True,False,True,-10.0,-14.00305590185,-13.821953688352561,-13.821953688352561,3.8219536883525613,True,0.25,4,32,-1.6276041666666668e-06,1.0416666666666667e-06,unknown_amplitude_exact,9.369697655882788e+17,35516249959.89912,quad_over_lin,1e-12,-10.0,0.31622776601683794,249,1.0416666666666667e-06,cutting_plane,0,physically_feasible,-10.780162031766299,3.8219536883525613,249.0,1985.0,1.0,249.0,True,1.0,dense_psl_satisfied,False,0.4894420029995672,0.0,249.0,-13.821953688352561,-14.00305590185,,0.0
exact_efim_sampled_psl,Exact EFIM+sampled PSL,ok,optimal,0.460838254999544,False,,exact_efim,285.46626570871723,4281993.985630758,0.9999999997729785,3.3571428564942245,1275487.5704343219,65780416959.55197,1.7353820273390633e+18,1.7353820273390633e+18,1.6798214996356252e+18,5.762419941235322e-19,0.11378713420507561,-13.821951692767913,-10.755273758093002,0.017392151785317746,1.8392674006307583e-05,64,45891.6787044911,63674370800.1693,63674370785.713844,4.281993985630758,1.2754875704343218,65780416959.55197,1.7353820273390633e+18,1.6798214996356252e+18,1.7353820273390633e+18,3.2016309278384916,45891.6787044911,9.369697655882788e+17,35516249959.89912,26381438.54281344,4.684848827941393e+18,177581250000.0,0.2,0.15485595779153002,True,True,False,True,-13.0,-14.003053760920976,-13.821951692767913,-13.821951692767913,0.8219516927679127,True,0.25,4,32,-1.6276041666666668e-06,1.0416666666666667e-06,unknown_amplitude_exact,9.369697655882788e+17,35516249959.89912,quad_over_lin,1e-12,-13.0,0.22387211385683395,249,1.0416666666666667e-06,sampled_only,0,physically_feasible,,,,,,,,,,,,,,,,,
exact_efim_cutting_plane_psl,Exact EFIM+cutting-plane PSL,ok,optimal,0.48602827200011234,False,,exact_efim,285.46626570871723,4281993.985630758,0.9999999997729785,3.3571428564942245,1275487.5704343219,65780416959.55197,1.7353820273390633e+18,1.7353820273390633e+18,1.6798214996356252e+18,5.762419941235322e-19,0.11378713420507561,-13.821951692767913,-10.755273758093002,0.017392151785317746,1.8392674006307583e-05,64,45891.6787044911,63674370800.1693,63674370785.713844,4.281993985630758,1.2754875704343218,65780416959.55197,1.7353820273390633e+18,1.6798214996356252e+18,1.7353820273390633e+18,3.2016309278384916,45891.6787044911,9.369697655882788e+17,35516249959.89912,26381438.54281344,4.684848827941393e+18,177581250000.0,0.2,0.15485595779153002,True,True,False,True,-13.0,-14.003053760920976,-13.821951692767913,-13.821951692767913,0.8219516927679127,True,0.25,4,32,-1.6276041666666668e-06,1.0416666666666667e-06,unknown_amplitude_exact,9.369697655882788e+17,35516249959.89912,quad_over_lin,1e-12,-13.0,0.22387211385683395,249,1.0416666666666667e-06,cutting_plane,0,physically_feasible,-10.780159735395658,0.8219516927679127,249.0,1985.0,1.0,249.0,True,1.0,dense_psl_satisfied,False,0.48602827200011234,0.0,249.0,-13.821951692767913,-14.003053760920976,,0.0
exact_efim_sampled_psl,Exact EFIM+sampled PSL,ok,optimal,0.46134651000102167,False,,exact_efim,285.4662657114221,4281993.985671332,0.9999999998078295,3.3571428565937986,1275487.5704085764,65780416039.7074,1.7353820030722399e+18,1.7353820030722399e+18,1.679821458037585e+18,5.762420021814484e-19,0.11378713500065037,-13.821952408138362,-10.755274506314032,0.017392150876485,1.8392674219653753e-05,64,45891.68586127811,63674369221.15822,63674369208.92188,4.281993985671332,1.2754875704085764,65780416039.7074,1.73538200307224e+18,1.679821458037585e+18,1.7353820030722399e+18,3.201631971306212,45891.68586127811,1.6396970897794875e+18,62153437429.82344,26381438.54281344,4.684848827941393e+18,177581250000.0,0.35,0.11706010095802957,True,True,False,True,0.0,-14.003054525034408,-13.821952408138362,-13.821952408138362,13.821952408138362,True,0.25,4,32,-1.6276041666666668e-06,1.0416666666666667e-06,unknown_amplitude_exact,1.6396970897794875e+18,62153437429.82344,quad_over_lin,1e-12,0.0,1.0,249,1.0416666666666667e-06,sampled_only,0,physically_feasible,,,,,,,,,,,,,,,,,
exact_efim_cutting_plane_psl,Exact EFIM+cutting-plane PSL,ok,optimal,0.4696812399997725,False,,exact_efim,285.4662657114221,4281993.985671332,0.9999999998078295,3.3571428565937986,1275487.5704085764,65780416039.7074,1.7353820030722399e+18,1.7353820030722399e+18,1.679821458037585e+18,5.762420021814484e-19,0.11378713500065037,-13.821952408138362,-10.755274506314032,0.017392150876485,1.8392674219653753e-05,64,45891.68586127811,63674369221.15822,63674369208.92188,4.281993985671332,1.2754875704085764,65780416039.7074,1.73538200307224e+18,1.679821458037585e+18,1.7353820030722399e+18,3.201631971306212,45891.68586127811,1.6396970897794875e+18,62153437429.82344,26381438.54281344,4.684848827941393e+18,177581250000.0,0.35,0.11706010095802957,True,True,False,True,0.0,-14.003054525034408,-13.821952408138362,-13.821952408138362,13.821952408138362,True,0.25,4,32,-1.6276041666666668e-06,1.0416666666666667e-06,unknown_amplitude_exact,1.6396970897794875e+18,62153437429.82344,quad_over_lin,1e-12,0.0,1.0,249,1.0416666666666667e-06,cutting_plane,0,physically_feasible,-10.780160496752602,13.821952408138362,249.0,1985.0,1.0,249.0,True,1.0,dense_psl_satisfied,False,0.4696812399997725,0.0,249.0,-13.821952408138362,-14.003054525034408,,0.0
exact_efim_sampled_psl,Exact EFIM+sampled PSL,ok,optimal,0.503947250002966,False,,exact_efim,285.46626571970177,4281993.985795527,0.9999999998944336,3.357142856841239,1275487.57035156,65780423564.51289,1.7353822015874337e+18,1.7353822015874337e+18,1.679821822392709e+18,5.76241936263524e-19,0.11378712849243684,-13.821942864034554,-10.755271254894447,0.017392163367077794,1.839265676030188e-05,64,45891.61736932494,63674383026.68457,63674383019.96269,4.281993985795527,1.2754875703515598,65780423564.51289,1.7353822015874337e+18,1.679821822392709e+18,1.7353822015874337e+18,3.2016220486703726,45891.61736932494,1.6396970897794875e+18,62153437429.82344,26381438.54281344,4.684848827941393e+18,177581250000.0,0.35,0.11706010095802957,True,True,False,True,-6.0,-14.00304474041407,-13.821942864034554,-13.821942864034554,7.821942864034554,True,0.25,4,32,-1.6276041666666668e-06,1.0416666666666667e-06,unknown_amplitude_exact,1.6396970897794875e+18,62153437429.82344,quad_over_lin,1e-12,-6.0,0.5011872336272722,249,1.0416666666666667e-06,sampled_only,0,physically_feasible,,,,,,,,,,,,,,,,,
exact_efim_cutting_plane_psl,Exact EFIM+cutting-plane PSL,ok,optimal,0.5094550690009783,False,,exact_efim,285.46626571970177,4281993.985795527,0.9999999998944336,3.357142856841239,1275487.57035156,65780423564.51289,1.7353822015874337e+18,1.7353822015874337e+18,1.679821822392709e+18,5.76241936263524e-19,0.11378712849243684,-13.821942864034554,-10.755271254894447,0.017392163367077794,1.839265676030188e-05,64,45891.61736932494,63674383026.68457,63674383019.96269,4.281993985795527,1.2754875703515598,65780423564.51289,1.7353822015874337e+18,1.679821822392709e+18,1.7353822015874337e+18,3.2016220486703726,45891.61736932494,1.6396970897794875e+18,62153437429.82344,26381438.54281344,4.684848827941393e+18,177581250000.0,0.35,0.11706010095802957,True,True,False,True,-6.0,-14.00304474041407,-13.821942864034554,-13.821942864034554,7.821942864034554,True,0.25,4,32,-1.6276041666666668e-06,1.0416666666666667e-06,unknown_amplitude_exact,1.6396970897794875e+18,62153437429.82344,quad_over_lin,1e-12,-6.0,0.5011872336272722,249,1.0416666666666667e-06,cutting_plane,0,physically_feasible,-10.780157151469755,7.821942864034554,249.0,1985.0,1.0,249.0,True,1.0,dense_psl_satisfied,False,0.5094550690009783,0.0,249.0,-13.821942864034554,-14.00304474041407,,0.0
exact_efim_sampled_psl,Exact EFIM+sampled PSL,ok,optimal,0.4574934429983841,False,,exact_efim,285.4662657225183,4281993.985837774,0.9999999999230713,3.357142856923061,1275487.5703330575,65780416713.94017,1.7353820208594706e+18,1.7353820208594706e+18,1.6798215046736788e+18,5.762419962751123e-19,0.11378713441750556,-13.821951836883864,-10.755273920455767,0.017392152853224107,1.8392672972253115e-05,64,45891.67394439553,63674370981.581856,63674370976.68347,4.281993985837774,1.2754875703330575,65780416713.94017,1.7353820208594706e+18,1.6798215046736788e+18,1.7353820208594706e+18,3.2016302760976325,45891.67394439553,1.6396970897794875e+18,62153437429.82344,26381438.54281344,4.684848827941393e+18,177581250000.0,0.35,0.11706010095802957,True,True,False,True,-10.0,-14.003053896115649,-13.821951836883864,-13.821951836883864,3.821951836883864,True,0.25,4,32,-1.6276041666666668e-06,1.0416666666666667e-06,unknown_amplitude_exact,1.6396970897794875e+18,62153437429.82344,quad_over_lin,1e-12,-10.0,0.31622776601683794,249,1.0416666666666667e-06,sampled_only,0,physically_feasible,,,,,,,,,,,,,,,,,
exact_efim_cutting_plane_psl,Exact EFIM+cutting-plane PSL,ok,optimal,0.48269207399789593,False,,exact_efim,285.4662657225183,4281993.985837774,0.9999999999230713,3.357142856923061,1275487.5703330575,65780416713.94017,1.7353820208594706e+18,1.7353820208594706e+18,1.6798215046736788e+18,5.762419962751123e-19,0.11378713441750556,-13.821951836883864,-10.755273920455767,0.017392152853224107,1.8392672972253115e-05,64,45891.67394439553,63674370981.581856,63674370976.68347,4.281993985837774,1.2754875703330575,65780416713.94017,1.7353820208594706e+18,1.6798215046736788e+18,1.7353820208594706e+18,3.2016302760976325,45891.67394439553,1.6396970897794875e+18,62153437429.82344,26381438.54281344,4.684848827941393e+18,177581250000.0,0.35,0.11706010095802957,True,True,False,True,-10.0,-14.003053896115649,-13.821951836883864,-13.821951836883864,3.821951836883864,True,0.25,4,32,-1.6276041666666668e-06,1.0416666666666667e-06,unknown_amplitude_exact,1.6396970897794875e+18,62153437429.82344,quad_over_lin,1e-12,-10.0,0.31622776601683794,249,1.0416666666666667e-06,cutting_plane,0,physically_feasible,-10.780159898351428,3.821951836883864,249.0,1985.0,1.0,249.0,True,1.0,dense_psl_satisfied,False,0.48269207399789593,0.0,249.0,-13.821951836883864,-14.003053896115649,,0.0
exact_efim_sampled_psl,Exact EFIM+sampled PSL,ok,optimal,0.5148169249987404,False,,exact_efim,285.4662657072182,4281993.985608273,0.9999999997575522,3.357142856450149,1275487.57044437,65780404722.94277,1.7353817045197094e+18,1.7353817045197094e+18,1.6798213258536317e+18,5.7624210131727975e-19,0.1137871447885361,-13.821956636772834,-10.755279928696028,0.017392143004674804,1.8392661196856102e-05,64,45891.617154140615,63674364213.86888,63674364198.43117,4.281993985608273,1.27548757044437,65780404722.94277,1.7353817045197097e+18,1.6798213258536317e+18,1.7353817045197094e+18,3.2016229352524372,45891.617154140615,1.6396970897794875e+18,62153437429.82344,26381438.54281344,4.684848827941393e+18,177581250000.0,0.35,0.11706010095802957,True,True,False,True,-13.0,-14.003058992129564,-13.821956636772834,-13.821956636772834,0.8219566367728337,True,0.25,4,32,-1.6276041666666668e-06,1.0416666666666667e-06,unknown_amplitude_exact,1.6396970897794875e+18,62153437429.82344,quad_over_lin,1e-12,-13.0,0.22387211385683395,249,1.0416666666666667e-06,sampled_only,0,physically_feasible,,,,,,,,,,,,,,,,,
exact_efim_cutting_plane_psl,Exact EFIM+cutting-plane PSL,ok,optimal,0.5291214720018615,False,,exact_efim,285.4662657072182,4281993.985608273,0.9999999997575522,3.357142856450149,1275487.57044437,65780404722.94277,1.7353817045197094e+18,1.7353817045197094e+18,1.6798213258536317e+18,5.7624210131727975e-19,0.1137871447885361,-13.821956636772834,-10.755279928696028,0.017392143004674804,1.8392661196856102e-05,64,45891.617154140615,63674364213.86888,63674364198.43117,4.281993985608273,1.27548757044437,65780404722.94277,1.7353817045197097e+18,1.6798213258536317e+18,1.7353817045197094e+18,3.2016229352524372,45891.617154140615,1.6396970897794875e+18,62153437429.82344,26381438.54281344,4.684848827941393e+18,177581250000.0,0.35,0.11706010095802957,True,True,False,True,-13.0,-14.003058992129564,-13.821956636772834,-13.821956636772834,0.8219566367728337,True,0.25,4,32,-1.6276041666666668e-06,1.0416666666666667e-06,unknown_amplitude_exact,1.6396970897794875e+18,62153437429.82344,quad_over_lin,1e-12,-13.0,0.22387211385683395,249,1.0416666666666667e-06,cutting_plane,0,physically_feasible,-10.780165975481248,0.8219566367728337,249.0,1985.0,1.0,249.0,True,1.0,dense_psl_satisfied,False,0.5291214720018615,0.0,249.0,-13.821956636772834,-14.003058992129564,,0.0
exact_efim_sampled_psl,Exact EFIM+sampled PSL,ok,optimal_inaccurate,0.4666634220011474,True,,exact_efim,283.6886325376306,4255329.4880644595,0.9999999993673244,3.357142855335213,1267544.9545740471,80762924210.71326,2.1306421216028314e+18,2.1306421216028314e+18,2.1081819695656553e+18,4.693420776116656e-19,0.1026917259145767,-11.330804891957051,-7.706704919751969,0.023875305373438946,7.378815948053878e-06,64,29178.10678398067,79911562346.3126,79911562295.75452,4.25532948806446,1.2675449545740471,80762924210.71326,2.1306421216028314e+18,2.1081819695656553e+18,2.1306421216028314e+18,1.0541494420602098,29178.10678398067,2.1081819725736271e+18,79911562409.77301,26381438.54281344,4.684848827941393e+18,177581250000.0,0.45,0.10323730519435335,True,True,False,True,0.0,-11.525903721254988,-11.330804891957051,-11.330804891957051,11.330804891957051,True,0.25,4,32,-1.4973958333333334e-06,1.0416666666666667e-06,unknown_amplitude_exact,2.1081819725736271e+18,79911562409.77301,quad_over_lin,1e-12,0.0,1.0,249,1.0416666666666667e-06,sampled_only,0,physically_feasible,,,,,,,,,,,,,,,,,
exact_efim_cutting_plane_psl,Exact EFIM+cutting-plane PSL,ok,optimal_inaccurate,0.4649735890016018,True,,exact_efim,283.6886325376306,4255329.4880644595,0.9999999993673244,3.357142855335213,1267544.9545740471,80762924210.71326,2.1306421216028314e+18,2.1306421216028314e+18,2.1081819695656553e+18,4.693420776116656e-19,0.1026917259145767,-11.330804891957051,-7.706704919751969,0.023875305373438946,7.378815948053878e-06,64,29178.10678398067,79911562346.3126,79911562295.75452,4.25532948806446,1.2675449545740471,80762924210.71326,2.1306421216028314e+18,2.1081819695656553e+18,2.1306421216028314e+18,1.0541494420602098,29178.10678398067,2.1081819725736271e+18,79911562409.77301,26381438.54281344,4.684848827941393e+18,177581250000.0,0.45,0.10323730519435335,True,True,False,True,0.0,-11.525903721254988,-11.330804891957051,-11.330804891957051,11.330804891957051,True,0.25,4,32,-1.4973958333333334e-06,1.0416666666666667e-06,unknown_amplitude_exact,2.1081819725736271e+18,79911562409.77301,quad_over_lin,1e-12,0.0,1.0,249,1.0416666666666667e-06,cutting_plane,0,physically_feasible,-7.7077377768438655,11.330804891957051,249.0,1985.0,1.0,249.0,True,1.0,dense_psl_satisfied,False,0.4649735890016018,0.0,249.0,-11.330804891957051,-11.525903721254988,,0.0
exact_efim_sampled_psl,Exact EFIM+sampled PSL,ok,optimal,0.45173304100171663,False,,exact_efim,283.68863255189683,4255329.488278452,0.9999999997643461,3.3571428564695602,1267544.9542094981,80762919232.89194,2.1306419902807442e+18,2.1306419902807442e+18,2.1081819728091756e+18,4.693421065395575e-19,0.10269172907927816,-11.330805994713032,-7.706707274897454,0.023875288703084852,7.378795073274849e-06,64,29178.019370598104,79911562437.53305,79911562418.70157,4.255329488278452,1.267544954209498,80762919232.89194,2.1306419902807442e+18,2.1081819728091756e+18,2.1306419902807442e+18,1.0541431913021293,29178.019370598104,2.1081819725736271e+18,79911562409.77301,26381438.54281344,4.684848827941393e+18,177581250000.0,0.45,0.10323730519435335,True,True,False,True,-6.0,-11.525904877815679,-11.330805994713032,-11.330805994713032,5.330805994713032,True,0.25,4,32,-1.4973958333333334e-06,1.0416666666666667e-06,unknown_amplitude_exact,2.1081819725736271e+18,79911562409.77301,quad_over_lin,1e-12,-6.0,0.5011872336272722,249,1.0416666666666667e-06,sampled_only,0,physically_feasible,,,,,,,,,,,,,,,,,
exact_efim_cutting_plane_psl,Exact EFIM+cutting-plane PSL,ok,optimal,0.4801770560006844,False,,exact_efim,283.68863255189683,4255329.488278452,0.9999999997643461,3.3571428564695602,1267544.9542094981,80762919232.89194,2.1306419902807442e+18,2.1306419902807442e+18,2.1081819728091756e+18,4.693421065395575e-19,0.10269172907927816,-11.330805994713032,-7.706707274897454,0.023875288703084852,7.378795073274849e-06,64,29178.019370598104,79911562437.53305,79911562418.70157,4.255329488278452,1.267544954209498,80762919232.89194,2.1306419902807442e+18,2.1081819728091756e+18,2.1306419902807442e+18,1.0541431913021293,29178.019370598104,2.1081819725736271e+18,79911562409.77301,26381438.54281344,4.684848827941393e+18,177581250000.0,0.45,0.10323730519435335,True,True,False,True,-6.0,-11.525904877815679,-11.330805994713032,-11.330805994713032,5.330805994713032,True,0.25,4,32,-1.4973958333333334e-06,1.0416666666666667e-06,unknown_amplitude_exact,2.1081819725736271e+18,79911562409.77301,quad_over_lin,1e-12,-6.0,0.5011872336272722,249,1.0416666666666667e-06,cutting_plane,0,physically_feasible,-7.7077401232978,5.330805994713032,249.0,1985.0,1.0,249.0,True,1.0,dense_psl_satisfied,False,0.4801770560006844,0.0,249.0,-11.330805994713032,-11.525904877815679,,0.0
exact_efim_sampled_psl,Exact EFIM+sampled PSL,ok,optimal,0.47810531899813213,False,,exact_efim,283.68863255437475,4255329.488315621,0.9999999997102045,3.35714285631487,1267544.9542789755,80762920310.85526,2.1306420187189676e+18,2.1306420187189676e+18,2.1081819717947694e+18,4.693421002751285e-19,0.10269172839395178,-11.33080551782605,-7.706706020507854,0.023875299152357754,7.378805224789539e-06,64,29178.03850247514,79911562403.40807,79911562380.25005,4.255329488315621,1.2675449542789754,80762920310.85526,2.130642018718967e+18,2.1081819717947694e+18,2.1306420187189676e+18,1.0541445595681098,29178.03850247514,2.1081819725736271e+18,79911562409.77301,26381438.54281344,4.684848827941393e+18,177581250000.0,0.45,0.10323730519435335,True,True,False,True,-10.0,-11.525904488217321,-11.33080551782605,-11.33080551782605,1.3308055178260503,True,0.25,4,32,-1.4973958333333334e-06,1.0416666666666667e-06,unknown_amplitude_exact,2.1081819725736271e+18,79911562409.77301,quad_over_lin,1e-12,-10.0,0.31622776601683794,249,1.0416666666666667e-06,sampled_only,0,physically_feasible,,,,,,,,,,,,,,,,,
exact_efim_cutting_plane_psl,Exact EFIM+cutting-plane PSL,ok,optimal,0.48968050999974366,False,,exact_efim,283.68863255437475,4255329.488315621,0.9999999997102045,3.35714285631487,1267544.9542789755,80762920310.85526,2.1306420187189676e+18,2.1306420187189676e+18,2.1081819717947694e+18,4.693421002751285e-19,0.10269172839395178,-11.33080551782605,-7.706706020507854,0.023875299152357754,7.378805224789539e-06,64,29178.03850247514,79911562403.40807,79911562380.25005,4.255329488315621,1.2675449542789754,80762920310.85526,2.130642018718967e+18,2.1081819717947694e+18,2.1306420187189676e+18,1.0541445595681098,29178.03850247514,2.1081819725736271e+18,79911562409.77301,26381438.54281344,4.684848827941393e+18,177581250000.0,0.45,0.10323730519435335,True,True,False,True,-10.0,-11.525904488217321,-11.33080551782605,-11.33080551782605,1.3308055178260503,True,0.25,4,32,-1.4973958333333334e-06,1.0416666666666667e-06,unknown_amplitude_exact,2.1081819725736271e+18,79911562409.77301,quad_over_lin,1e-12,-10.0,0.31622776601683794,249,1.0416666666666667e-06,cutting_plane,0,physically_feasible,-7.707738870682385,1.3308055178260503,249.0,1985.0,1.0,249.0,True,1.0,dense_psl_satisfied,False,0.48968050999974366,0.0,249.0,-11.33080551782605,-11.525904488217321,,0.0
exact_efim_sampled_psl,Exact EFIM+sampled PSL,ok,optimal,0.49429746299938415,False,,exact_efim,283.50154777800685,4252523.216670102,0.9999999997171061,3.357142856334589,1266709.0435684086,80575442224.5021,2.1256960771057178e+18,2.1256960771057178e+18,2.108181970338674e+18,4.704341372081606e-19,0.10281112744620849,-12.664997985441532,-8.06800496809106,0.02526183146528112,5.2942179841455915e-06,64,25765.8669490045,79911562347.6626,79911562325.0561,4.252523216670102,1.2667090435684085,80575442224.5021,2.1256960771057172e+18,2.108181970338674e+18,2.1256960771057178e+18,0.8239233705925876,25765.8669490045,2.1081819725736271e+18,79911562409.77301,26381438.54281344,4.684848827941393e+18,177581250000.0,0.45,0.10323730519435335,True,True,False,True,-13.0,-13.000000002800915,-12.626210819679468,-12.626210819679468,-0.3737891803205322,False,0.25,4,32,-1.46484375e-06,1.0416666666666667e-06,unknown_amplitude_exact,2.1081819725736271e+18,79911562409.77301,quad_over_lin,1e-12,-13.0,0.22387211385683395,249,1.0416666666666667e-06,sampled_only,0,sampled_feasible_dense_violating,,,,,,,,,,,,,,,,,
exact_efim_cutting_plane_psl,Exact EFIM+cutting-plane PSL,ok,optimal,0.9943690360014443,False,,exact_efim,283.39082613640153,4250862.392046023,0.9999999996830777,3.357142856237365,1266214.3298871485,80520657666.06879,2.1242507816443136e+18,2.1242507816443136e+18,2.108181974060286e+18,4.707542106803098e-19,0.10284609676126402,-13.02639825061922,-8.08426507189606,0.025779958482459276,5.3911940297117275e-06,64,24679.854135232606,79911562491.45122,79911562466.12546,4.250862392046023,1.2662143298871484,80520657666.06879,2.1242507816443136e+18,2.108181974060286e+18,2.1242507816443136e+18,0.7564458830792712,24679.854135232606,2.1081819725736271e+18,79911562409.77301,26381438.54281344,4.684848827941393e+18,177581250000.0,0.45,0.10323730519435335,True,True,False,True,-13.0,-13.427763916204533,-12.999999998340781,-12.999999998340781,-1.6592185403396797e-09,True,0.25,4,32,-1.46484375e-06,1.0416666666666667e-06,unknown_amplitude_exact,2.1081819725736271e+18,79911562409.77301,quad_over_lin,1e-12,-13.0,0.22387211385683395,251,1.0416666666666667e-06,cutting_plane,0,physically_feasible,-8.084684907833934,-1.6592185403396797e-09,249.0,1985.0,2.0,251.0,True,2.0,dense_psl_satisfied,False,0.9943690360014443,2.0,251.0,-12.626210819679468,-13.000000002800915,-1.46484375e-06,1.0
exact_efim_sampled_psl,Exact EFIM+sampled PSL,ok,optimal,0.49772911300169653,False,,exact_efim,278.27835325384194,4174175.298807629,0.9999999994944331,3.3571428556983802,1243371.3661372575,97952243869.8177,2.58412110178227e+18,2.58412110178227e+18,2.576666851063584e+18,3.869787678721014e-19,0.09324687282775815,-9.041123627732894,-3.8940725617444887,0.035163726327006394,2.848792620305963e-05,64,16809.421268737966,97669687275.94922,97669687226.57065,4.174175298807629,1.2433713661372576,97952243869.8177,2.58412110178227e+18,2.576666851063584e+18,2.58412110178227e+18,0.2884636758526915,16809.421268737966,2.5766668553677665e+18,97669687389.72256,26381438.54281344,4.684848827941393e+18,177581250000.0,0.55,0.09338165609920326,True,True,False,True,0.0,-9.1944952594305,-9.041123627732894,-9.041123627732894,9.041123627732894,True,0.25,4,32,-1.3671875e-06,1.0416666666666667e-06,unknown_amplitude_exact,2.5766668553677665e+18,97669687389.72256,quad_over_lin,1e-12,0.0,1.0,249,1.0416666666666667e-06,sampled_only,0,physically_feasible,,,,,,,,,,,,,,,,,
exact_efim_cutting_plane_psl,Exact EFIM+cutting-plane PSL,ok,optimal,0.5043106100019941,False,,exact_efim,278.27835325384194,4174175.298807629,0.9999999994944331,3.3571428556983802,1243371.3661372575,97952243869.8177,2.58412110178227e+18,2.58412110178227e+18,2.576666851063584e+18,3.869787678721014e-19,0.09324687282775815,-9.041123627732894,-3.8940725617444887,0.035163726327006394,2.848792620305963e-05,64,16809.421268737966,97669687275.94922,97669687226.57065,4.174175298807629,1.2433713661372576,97952243869.8177,2.58412110178227e+18,2.576666851063584e+18,2.58412110178227e+18,0.2884636758526915,16809.421268737966,2.5766668553677665e+18,97669687389.72256,26381438.54281344,4.684848827941393e+18,177581250000.0,0.55,0.09338165609920326,True,True,False,True,0.0,-9.1944952594305,-9.041123627732894,-9.041123627732894,9.041123627732894,True,0.25,4,32,-1.3671875e-06,1.0416666666666667e-06,unknown_amplitude_exact,2.5766668553677665e+18,97669687389.72256,quad_over_lin,1e-12,0.0,1.0,249,1.0416666666666667e-06,cutting_plane,0,physically_feasible,-3.912648551191804,9.041123627732894,249.0,1985.0,1.0,249.0,True,1.0,dense_psl_satisfied,False,0.5043106100019941,0.0,249.0,-9.041123627732894,-9.1944952594305,,0.0
exact_efim_sampled_psl,Exact EFIM+sampled PSL,ok,optimal,0.49368043800132,False,,exact_efim,278.27835324919135,4174175.2987378705,0.9999999994802946,3.357142855657985,1243371.3661314393,97952230684.04213,2.5841207539225426e+18,2.5841207539225426e+18,2.576666851023666e+18,3.869788199649955e-19,0.09324687910394137,-9.04119181023676,-3.8940313482649973,0.03516429520115911,2.8488682347121516e-05,64,16809.029095443344,97669687275.81697,97669687225.05751,4.174175298737871,1.2433713661314394,97952230684.04213,2.584120753922542e+18,2.576666851023666e+18,2.5841207539225426e+18,0.2884502547940854,16809.029095443344,2.5766668553677665e+18,97669687389.72256,26381438.54281344,4.684848827941393e+18,177581250000.0,0.55,0.09338165609920326,True,True,False,True,-6.0,-9.194559037101468,-9.04119181023676,-9.04119181023676,3.0411918102367608,True,0.25,4,32,-1.3671875e-06,1.0416666666666667e-06,unknown_amplitude_exact,2.5766668553677665e+18,97669687389.72256,quad_over_lin,1e-12,-6.0,0.5011872336272722,249,1.0416666666666667e-06,sampled_only,0,physically_feasible,,,,,,,,,,,,,,,,,
exact_efim_cutting_plane_psl,Exact EFIM+cutting-plane PSL,ok,optimal,0.5030894129995431,False,,exact_efim,278.27835324919135,4174175.2987378705,0.9999999994802946,3.357142855657985,1243371.3661314393,97952230684.04213,2.5841207539225426e+18,2.5841207539225426e+18,2.576666851023666e+18,3.869788199649955e-19,0.09324687910394137,-9.04119181023676,-3.8940313482649973,0.03516429520115911,2.8488682347121516e-05,64,16809.029095443344,97669687275.81697,97669687225.05751,4.174175298737871,1.2433713661314394,97952230684.04213,2.584120753922542e+18,2.576666851023666e+18,2.5841207539225426e+18,0.2884502547940854,16809.029095443344,2.5766668553677665e+18,97669687389.72256,26381438.54281344,4.684848827941393e+18,177581250000.0,0.55,0.09338165609920326,True,True,False,True,-6.0,-9.194559037101468,-9.04119181023676,-9.04119181023676,3.0411918102367608,True,0.25,4,32,-1.3671875e-06,1.0416666666666667e-06,unknown_amplitude_exact,2.5766668553677665e+18,97669687389.72256,quad_over_lin,1e-12,-6.0,0.5011872336272722,249,1.0416666666666667e-06,cutting_plane,0,physically_feasible,-3.9126068669299547,3.0411918102367608,249.0,1985.0,1.0,249.0,True,1.0,dense_psl_satisfied,False,0.5030894129995431,0.0,249.0,-9.04119181023676,-9.194559037101468,,0.0
exact_efim_sampled_psl,Exact EFIM+sampled PSL,ok,optimal,0.4921382460015593,False,,exact_efim,278.06116611355446,4170917.491703317,0.9999999994226942,3.357142855493412,1242400.9555858776,97870574963.66876,2.5819665585538427e+18,2.5819665585538427e+18,2.5766668503834235e+18,3.873016854873981e-19,0.0932857700248673,-9.920963355743895,-3.478963935233568,0.0434471720182155,3.685461666843895e-05,64,14173.488032092842,97669687257.17413,97669687200.78886,4.170917491703317,1.2424009555858777,97870574963.66876,2.581966558553843e+18,2.5766668503834235e+18,2.5819665585538427e+18,0.20525859069946908,14173.488032092842,2.5766668553677665e+18,97669687389.72256,26381438.54281344,4.684848827941393e+18,177581250000.0,0.55,0.09338165609920326,True,True,False,True,-10.0,-9.999999997513264,-9.918094398678356,-9.918094398678356,-0.08190560132164393,True,0.25,4,32,-1.3346354166666666e-06,1.0416666666666667e-06,unknown_amplitude_exact,2.5766668553677665e+18,97669687389.72256,quad_over_lin,1e-12,-10.0,0.31622776601683794,249,1.0416666666666667e-06,sampled_only,0,physically_feasible,,,,,,,,,,,,,,,,,
exact_efim_cutting_plane_psl,Exact EFIM+cutting-plane PSL,ok,optimal,0.4789621920026548,False,,exact_efim,278.06116611355446,4170917.491703317,0.9999999994226942,3.357142855493412,1242400.9555858776,97870574963.66876,2.5819665585538427e+18,2.5819665585538427e+18,2.5766668503834235e+18,3.873016854873981e-19,0.0932857700248673,-9.920963355743895,-3.478963935233568,0.0434471720182155,3.685461666843895e-05,64,14173.488032092842,97669687257.17413,97669687200.78886,4.170917491703317,1.2424009555858777,97870574963.66876,2.581966558553843e+18,2.5766668503834235e+18,2.5819665585538427e+18,0.20525859069946908,14173.488032092842,2.5766668553677665e+18,97669687389.72256,26381438.54281344,4.684848827941393e+18,177581250000.0,0.55,0.09338165609920326,True,True,False,True,-10.0,-9.999999997513264,-9.918094398678356,-9.918094398678356,-0.08190560132164393,True,0.25,4,32,-1.3346354166666666e-06,1.0416666666666667e-06,unknown_amplitude_exact,2.5766668553677665e+18,97669687389.72256,quad_over_lin,1e-12,-10.0,0.31622776601683794,249,1.0416666666666667e-06,cutting_plane,0,physically_feasible,-3.493245822481711,-0.08190560132164393,249.0,1985.0,1.0,249.0,True,1.0,dense_psl_satisfied,False,0.4789621920026548,0.0,249.0,-9.918094398678356,-9.999999997513264,,0.0
exact_efim_sampled_psl,Exact EFIM+sampled PSL,ok,optimal,0.4845791760017164,False,,exact_efim,273.5518676795507,4103278.0151932603,0.9999999982713713,3.357142852203918,1222253.0276003939,97709360069.89745,2.5777134777416284e+18,2.5777134777416284e+18,2.576666839801222e+18,3.879407112679235e-19,0.09336269641763925,-12.749910132827015,-0.2555277337712579,0.06249999981739032,0.0001348072085915854,64,6298.672106097207,97669686968.50052,97669686799.6659,4.10327801519326,1.2222530276003938,97709360069.89745,2.577713477741629e+18,2.576666839801222e+18,2.5777134777416284e+18,0.040603346704120365,6298.672106097207,2.5766668553677665e+18,97669687389.72256,26381438.54281344,4.684848827941393e+18,177581250000.0,0.55,0.09338165609920326,True,True,False,True,-13.0,-12.999999935182597,-12.749151205143503,-12.749151205143503,-0.2508487948564966,False,0.25,4,32,-3.2877604166666667e-06,1.0416666666666667e-06,unknown_amplitude_exact,2.5766668553677665e+18,97669687389.72256,quad_over_lin,1e-12,-13.0,0.22387211385683395,249,1.0416666666666667e-06,sampled_only,0,sampled_feasible_dense_violating,,,,,,,,,,,,,,,,,
exact_efim_cutting_plane_psl,Exact EFIM+cutting-plane PSL,ok,optimal,0.9731918489997042,False,,exact_efim,273.3239649771358,4099859.474657037,0.9999999975250421,3.3571428500715492,1221234.7397042275,97700891615.24257,2.577490067725599e+18,2.577490067725599e+18,2.5766668328844124e+18,3.8797433694183315e-19,0.09336674254565373,-12.767341310251021,-0.15788577112034524,0.06249999968434347,0.00013897383428288263,64,5586.150538488731,97669686779.2095,97669686537.48114,4.099859474657037,1.2212347397042276,97700891615.24257,2.5774900677255987e+18,2.5766668328844124e+18,2.577490067725599e+18,0.03193939916568703,5586.150538488731,2.5766668553677665e+18,97669687389.72256,26381438.54281344,4.684848827941393e+18,177581250000.0,0.55,0.09338165609920326,True,True,False,True,-13.0,-12.999999905306918,-12.767341310251021,-12.767341310251021,-0.23265868974897863,True,0.25,4,32,-2.2786458333333335e-06,1.0416666666666667e-06,unknown_amplitude_exact,2.5766668553677665e+18,97669687389.72256,quad_over_lin,1e-12,-13.0,0.22387211385683395,251,1.0416666666666667e-06,cutting_plane,0,physically_feasible,-0.1619791267305309,-0.23265868974897863,249.0,1985.0,2.0,251.0,True,2.0,dense_psl_satisfied,False,0.9731918489997042,2.0,251.0,-12.749151205143503,-12.999999935182597,-3.2877604166666667e-06,1.0
